FLOW_DATE,RES_LEVEL_FT,PRESENT_STORAGE_TMC,INFLOW_CUSECS,OUTFLOW_CUECS,Normal_rain,Actual_rain,Evapo-Transpiration_(mm),Volumetric_Soil_Moisture_(%),RF_Actual_Level_(mm)
2018-06-01,75.1,8.79,1684,298,0.00984251968503937,0.002263779527559055,3.9837913787,36.18776129729307,0.69
2018-06-02,75.55,8.96,2361,301,0.012139107611548556,0.04402887139107611,4.6587755916,35.47101999138957,13.42
2018-06-03,75.9,9.09,1921,302,0.006561679790026247,0.01627296587926509,3.1277960033,33.74355680330842,4.96
2018-06-04,76.2,9.21,1731,303,0.009186351706036744,0.0437992125984252,2.6732359688,32.45499578717617,13.35
2018-06-05,76.45,9.31,1521,304,0.005905511811023622,0.021423884514435696,1.4579662006,32.05780645116294,6.53
2018-06-06,76.7,9.41,1521,305,0.005905511811023622,0.024868766404199476,1.1591484859,40.21385570735203,7.58
2018-06-07,77.0,9.52,1750,306,0.0062335958005249326,0.00426509186351706,1.8129626177,39.26131269781597,1.3
2018-06-08,77.25,9.63,1564,306,0.004921259842519685,0.005019685039370079,1.7638457012,39.23565852183405,1.53
2018-06-09,77.5,9.73,1565,307,0.007874015748031496,0.03733595800524935,2.0574463762,38.80655219661674,11.38
2018-06-10,77.85,9.87,2037,308,0.0032808398950131233,0.00508530183727034,2.1132736745,37.646489518269746,1.55
2018-06-11,79.5,10.57,8478,313,0.00721784776902887,0.008891076115485563,2.8756449791,38.542138265540665,2.71
2018-06-12,82.8,12.08,17883,342,0.004593175853018373,0.01276246719160105,1.4027598911,38.315664085807136,3.89
2018-06-13,86.6,14.01,22871,368,0.002952755905511811,0.0001968503937007874,3.8177889901,40.44128157059156,0.06
2018-06-14,90.8,16.42,28383,394,0.0062335958005249326,0.0027887139107611553,3.4333047089999997,38.50152948027293,0.85
2018-06-15,94.5,18.8,28096,416,0.002952755905511811,0.0405511811023622,4.0093119435,36.56040952397645,12.36
2018-06-16,98.2,21.43,31037,437,0.003608923884514436,0.014534120734908137,4.4327854002,35.58751535075023,4.43
2018-06-17,100.75,23.4,23424,453,0.00426509186351706,9.84251968503937e-05,4.1395123314,35.86723854590688,0.03
2018-06-18,101.9,24.34,11297,369,0.005905511811023622,0.006496062992125984,4.5227152379,33.70320555693442,1.98
2018-06-19,102.65,24.96,7753,376,0.003937007874015748,0.0045603674540682405,4.2254058928,31.67139682112578,1.39
2018-06-20,103.65,25.81,6398,381,0.003937007874015748,0.002755905511811024,1.0998297205,31.052831809990412,0.84
2018-06-21,103.85,25.98,6494,388,0.0026246719160104987,0.007020997375328085,2.4508098422,30.03486377956009,2.14
2018-06-22,104.5,26.55,7776,1045,0.0026246719160104987,0.006988188976377953,3.7239134412,28.973612401264425,2.13
2018-06-23,105.0,26.99,8206,2961,0.005249343832020997,0.0003937007874015748,3.3418523948,29.264564642778613,0.12
2018-06-24,105.15,27.12,5194,3464,0.00426509186351706,0.0036417322834645673,3.8849284544,28.35783628356819,1.11
2018-06-25,105.35,27.3,5715,3464,0.004921259842519685,0.0012139107611548554,3.6858071693,27.801854880760608,0.37
2018-06-26,105.45,27.39,4178,2970,0.0022965879265091863,0.0012795275590551179,2.395927663,32.163807920747836,0.39
2018-06-27,105.56,27.49,4286,2974,0.002952755905511811,0.025918635170603683,2.7316131607,31.78996566189169,7.9
2018-06-28,105.63,27.55,3995,3099,0.0016404199475065614,0.0015091863517060367,2.3671058748,31.704909246226805,0.46
2018-06-29,106.25,28.12,10168,3473,0.002952755905511811,0.034973753280839896,3.1941007863,33.265925597546484,10.66
2018-06-30,107.45,29.24,16604,3494,0.0026246719160104987,0.0025590551181102358,3.5051921975,31.85445978660754,0.78
2018-07-01,108.2,29.95,11958,3516,0.002952755905511811,0.003608923884514436,3.1653044769,31.21104370816463,1.1
2018-07-02,108.55,30.29,7603,3530,0.003608923884514436,0.009612860892388452,3.4226243461,32.1605093176209,2.93
2018-07-03,108.76,30.49,6039,3537,0.004921259842519685,0.0014763779527559055,3.6580273736,30.568896118515447,0.45
2018-07-04,108.85,30.58,4490,3335,0.0026246719160104987,3.280839895013123e-05,2.9857844222,29.913188045697613,0.01
2018-07-05,108.76,30.49,6039,3537,0.0022965879265091863,0.0,3.9251193008,27.96710342117273,0.0
2018-07-06,108.92,30.65,3642,3609,0.008202099737532808,0.0,2.3501226851,31.813420945947637,0.0
2018-07-07,108.82,30.55,2505,3483,0.006889763779527559,0.04084645669291338,2.4749187318,37.733824999371976,12.45
2018-07-08,108.77,30.5,3066,3482,0.007545931758530183,0.00265748031496063,3.044051775,36.70352012017293,0.81
2018-07-09,110.4,32.0,22437,3499,0.00426509186351706,0.001968503937007874,2.8115930614,37.11793897308827,0.6
2018-07-10,112.7,35.0,31490,3571,0.005249343832020997,0.034022309711286086,2.8453446178,41.50530935723743,10.37
2018-07-11,115.2,37.0,35698,3612,0.005249343832020997,0.08838582677165355,2.7417490932999997,40.88315337171725,26.94
2018-07-12,117.7,40.0,37783,3768,0.00721784776902887,0.10059055118110236,2.8810109983,40.07890909641879,30.66
2018-07-13,120.2,43.0,39737,3766,0.004593175853018373,0.06975065616797901,2.7096201527,39.543269058732186,21.26
2018-07-14,122.7,47.0,41961,3929,0.005249343832020997,0.030282152230971124,1.5408082991,39.169172931869774,9.23
2018-07-15,123.43,48.0,43654,32007,0.004921259842519685,0.007939632545931758,2.4338584272,38.40524178710665,2.42
2018-07-16,123.05,47.04,65777,71583,0.005249343832020997,0.00748031496062992,2.6642731238,37.18340476936842,2.28
2018-07-17,122.4,46.17,71964,81842,0.0055774278215223105,0.03746719160104986,2.7561579882,35.99730894403848,11.42
2018-07-18,122.08,45.74,71353,76107,0.005905511811023622,0.0,3.0896885530000002,34.37048978249957,0.0
2018-07-19,124.1,48.48,58719,26844,0.002952755905511811,0.002526246719160105,2.8151693937999998,33.601183787937714,0.77
2018-07-20,124.8,49.45,47952,36453,0.005249343832020997,0.0034120734908136482,1.3733207763,33.22094446158023,1.04
2018-07-21,124.35,48.82,40739,47816,0.007874015748031496,0.03989501312335958,2.2395486815,34.00449677385366,12.16
2018-07-22,123.25,47.31,31534,48859,0.0062335958005249326,0.07063648293963255,3.1046476844,35.412083916717044,21.53
2018-07-23,123.05,47.04,48063,51038,0.011154855643044621,0.002001312335958005,3.0883794706,34.91949595691425,0.61
2018-07-24,122.75,46.64,48145,52606,0.006561679790026247,0.0032808398950131233,1.9132669479,34.04736470103716,1.0
2018-07-25,122.87,46.8,40243,38202,0.010498687664041995,0.0023293963254593176,3.7191025601,31.924642480545028,0.71
2018-07-26,123.33,47.42,49893,42524,0.002952755905511811,0.0036745406824146985,3.5431390111,30.08816026272337,1.12
2018-07-27,123.1,47.11,45331,48780,0.004593175853018373,0.0022965879265091863,3.2216054516000003,29.194822734573563,0.7
2018-07-28,122.7,46.57,34740,40780,0.004921259842519685,0.004658792650918635,3.0101873937,28.509861435340554,1.42
2018-07-29,122.68,46.54,22945,23069,0.003937007874015748,0.01227034120734908,3.3008025055,26.935505443068873,3.74
2018-07-30,122.58,46.41,16693,18056,0.005905511811023622,0.0002624671916010499,3.0576560881,27.550533892940184,0.08
2018-07-31,122.7,46.57,9421,7378,0.006889763779527559,0.014206036745406825,2.8529564202,26.67732018029562,4.33
2018-08-01,122.89,46.82,8135,5009,0.007545931758530183,0.014796587926509184,2.2793697037,29.988565867368962,4.51
2018-08-02,123.1,47.11,8608,5123,0.00721784776902887,0.0005905511811023622,3.10275097,28.72123457477461,0.18
2018-08-03,123.36,47.46,9476,5160,0.00426509186351706,0.0012795275590551179,2.8717641199,28.90136151438467,0.39
2018-08-04,123.55,47.72,8104,4897,0.005905511811023622,0.013812335958005248,2.9966267601,27.43231715795377,4.21
2018-08-05,123.63,47.83,6125,4657,0.005249343832020997,0.0036417322834645673,3.297624165,25.373282410907237,1.11
2018-08-06,123.75,47.99,6758,4657,0.0055774278215223105,0.0005249343832020997,0.9708371995999999,24.7818380744868,0.16
2018-08-07,123.79,48.05,5493,4657,0.00426509186351706,0.010203412073490813,2.2128031187,23.96759399491364,3.11
2018-08-08,123.76,48.01,4386,4657,0.0026246719160104987,0.00908792650918635,2.1580884949,23.32369911522648,2.77
2018-08-09,124.25,48.68,12710,4671,0.00426509186351706,0.05324803149606299,2.2369959038,23.171047713339505,16.23
2018-08-10,124.48,49.01,47709,43786,0.006561679790026247,0.012139107611548556,2.1319773754,23.65951004256463,3.7
2018-08-11,123.1,47.11,40538,62319,0.007545931758530183,0.0011482939632545932,1.4245542961000002,25.49454373422011,0.35
2018-08-12,121.94,45.55,31672,49444,0.00426509186351706,0.009809711286089241,1.7946701933000002,34.41888239168543,2.99
2018-08-13,122.0,45.63,27528,26425,0.00721784776902887,0.014796587926509184,1.9631695149000001,33.316965842892685,4.51
2018-08-14,121.95,45.57,57464,58021,0.004921259842519685,0.008923884514435695,1.4833929099,36.63346002957939,2.72
2018-08-15,121.43,44.89,99896,107579,0.0026246719160104987,0.018208661417322837,1.814763172,35.110624967657714,5.55
2018-08-16,121.46,44.93,123145,122496,0.004593175853018373,0.00505249343832021,1.6359417419,34.42417673639733,1.54
2018-08-17,119.95,42.98,100211,122530,0.0055774278215223105,0.013287401574803149,2.1700949730000003,32.905938788900514,4.05
2018-08-18,120.6,43.81,133279,123472,0.004921259842519685,0.003379265091863517,2.3436391114,31.365017977074537,1.03
2018-08-19,120.98,44.3,115638,109815,0.00853018372703412,0.006167979002624671,2.1461421438999997,30.935680270715228,1.88
2018-08-20,121.65,45.17,94382,84060,0.006889763779527559,0.019619422572178483,2.2301671079,29.797487345151477,5.98
2018-08-21,121.62,45.13,72858,73134,0.00853018372703412,0.03674540682414698,3.3724686676999998,27.687908314130745,11.2
2018-08-22,122.25,45.97,28438,18632,0.009514435695538058,0.0002624671916010499,3.0717911895,25.785784992381426,0.08
2018-08-23,123.6,47.79,25857,4570,0.004593175853018373,0.011876640419947506,2.9234830067,24.423408409946624,3.62
2018-08-24,124.6,49.17,24536,8328,0.0062335958005249326,0.011417322834645671,2.671595264,23.03205844978102,3.48
2018-08-25,124.7,49.31,21170,19362,0.006889763779527559,0.0035433070866141727,2.3018006192,22.48994710720827,1.08
2018-08-26,124.32,48.78,20645,26590,0.00426509186351706,0.0009186351706036746,2.1013684493,22.652571833208903,0.28
2018-08-27,124.2,48.61,10162,11907,0.006561679790026247,0.010728346456692912,1.936597035,24.793561347874302,3.27
2018-08-28,124.45,48.96,8944,4713,0.009186351706036744,0.0296259842519685,2.2295624857,29.582848081202588,9.03
2018-08-29,124.78,49.42,10237,4714,0.009514435695538058,0.003838582677165354,2.7964255362,32.34345558213565,1.17
2018-08-30,124.8,49.45,9880,9364,0.0062335958005249326,0.025,3.1128997899,33.84578518970848,7.62
2018-08-31,124.8,49.45,10377,10184,0.007545931758530183,0.03589238845144357,3.1997350036000003,36.24365403918252,10.94
2018-09-01,124.8,49.45,11455,11278,0.006889763779527559,0.02316272965879265,3.6426426383,33.976440855813536,7.06
2018-09-02,124.8,49.45,7111,6902,0.008202099737532808,0.009350393700787402,3.7209663685,31.595579474910263,2.85
2018-09-03,124.8,49.45,7111,6902,0.008202099737532808,0.002099737532808399,3.866128598,29.135918886490213,0.64
2018-09-04,124.8,49.45,5470,5081,0.007874015748031496,0.0,3.680046237,26.840825865466037,0.0
2018-09-05,124.74,49.37,3954,4714,0.0055774278215223105,0.0,3.0571561938,24.94987454988005,0.0
2018-09-06,124.57,49.13,2177,4714,0.0062335958005249326,0.0,3.0814351345,23.129720206732358,0.0
2018-09-07,124.32,48.78,884,4713,0.01017060367454068,0.0,2.8657756185000003,21.415218916409724,0.0
2018-09-08,124.05,48.41,1323,5476,0.008858267716535433,0.00022965879265091866,2.7749123241,19.821187374261513,0.07
2018-09-09,123.77,48.02,1235,5475,0.006561679790026247,0.0010170603674540682,2.7460889806999997,18.24055576463411,0.31
2018-09-10,123.48,47.63,1167,5548,0.010498687664041995,0.00022965879265091866,1.7953679024,17.614650431909734,0.07
2018-09-11,123.2,47.24,1270,5493,0.016732283464566927,0.023884514435695538,0.8815703917000001,25.677819368567558,7.28
2018-09-12,122.91,46.85,1090,5443,0.013451443569553804,0.0645997375328084,2.6716721019,26.243494455792774,19.69
2018-09-13,122.71,46.58,2508,5404,0.011811023622047244,0.0007217847769028871,2.0719729563,25.29134309033191,0.22
2018-09-14,122.47,46.26,1877,5393,0.009514435695538058,0.001968503937007874,2.5448213655000003,25.01904888569252,0.6
2018-09-15,122.18,45.87,1069,5358,0.016076115485564306,0.024868766404199476,2.3453722568,35.68041176510986,7.58
2018-09-16,121.93,45.87,1446,4840,0.016076115485564306,0.008136482939632546,3.2901742082,38.477644212154324,2.48
2018-09-17,121.64,45.16,1071,5268,0.021653543307086614,0.02795275590551181,2.6680695180000003,36.943383406397146,8.52
2018-09-18,121.35,44.78,1040,5236,0.01706036745406824,0.0045603674540682405,3.6598570988,34.41149656805924,1.39
2018-09-19,121.0,44.32,1030,5226,0.022965879265091863,9.84251968503937e-05,3.4659030909,32.13384879717143,0.03
2018-09-20,120.77,44.03,1071,5196,0.020669291338582675,0.0,2.8810635758,32.73680836802025,0.0
2018-09-21,120.51,43.7,1022,4685,0.022309711286089242,0.009711286089238843,3.5370382825,30.40320438532625,2.96
2018-09-22,120.29,43.41,1088,4158,0.01968503937007874,0.0,3.6114557616000003,28.112364862019742,0.0
2018-09-23,120.07,43.13,1079,4149,0.019356955380577433,0.0010170603674540682,2.5257881569,30.186031264366683,0.31
2018-09-24,119.88,42.89,1108,3697,0.01968503937007874,0.06735564304461943,2.278578011,41.662918337542656,20.53
2018-09-25,119.8,42.79,1118,2090,0.018044619422572176,0.027591863517060368,3.6378553268,41.096610801539356,8.41
2018-09-26,120.1,43.17,6154,1585,0.016404199475065617,0.09114173228346456,3.1250782868,41.52549500196098,27.78
2018-09-27,120.65,43.88,9677,1337,0.024278215223097116,0.06295931758530184,3.6473393337,40.89751155013265,19.19
2018-09-28,121.7,45.24,17389,1405,0.019028871391076115,0.017257217847769027,3.3093429476,41.45875329505089,5.26
2018-09-29,122.6,46.43,15495,1463,0.014763779527559057,0.053215223097112865,3.1206814297000003,40.481722737009655,16.22
2018-09-30,123.3,47.38,12660,1521,0.010498687664041995,0.0035433070866141727,3.1245558706,39.35102519447997,1.08
2018-10-01,123.72,47.95,8418,1572,0.019356955380577433,0.011811023622047244,3.5567256283999997,39.18255638913635,3.6
2018-10-02,124.12,48.5,9003,2383,0.025918635170603683,0.022998687664041992,1.4939893258,38.29091814069072,7.01
2018-10-03,124.3,48.75,7558,4395,0.02099737532808399,0.0008858267716535432,2.9552995451,37.83409746852311,0.27
2018-10-04,124.38,48.87,5759,4210,0.018044619422572176,0.014009186351706036,2.4567543243000003,37.401995430693866,4.27
2018-10-05,124.54,49.09,6553,3711,0.018700787401574805,0.005380577427821521,2.1498782767,38.92307861432376,1.64
2018-10-06,124.7,49.31,6553,3711,0.017716535433070866,0.02562335958005249,2.8964301541000004,38.486952685605594,7.81
2018-10-07,124.8,49.45,5584,3711,0.018700787401574805,0.01620734908136483,3.5302914368000002,36.11246959758881,4.94
2018-10-08,124.8,49.45,3969,3711,0.0239501312335958,0.0010170603674540682,2.8604708649,38.31665576159675,0.31
2018-10-09,124.8,49.45,3969,3711,0.01968503937007874,0.04291338582677165,2.865318275,39.32634658754171,13.08
2018-10-10,124.8,49.45,3969,3711,0.02034120734908136,0.030741469816272963,3.4224093261,37.004375798291285,9.37
2018-10-11,124.8,49.45,3969,3711,0.01837270341207349,0.0,3.5788977269999998,34.609830115164826,0.0
2018-10-12,124.8,49.45,4017,3761,0.00984251968503937,0.0,3.5084084587,32.301051805983896,0.0
2018-10-13,124.8,49.45,4017,3761,0.01968503937007874,0.0,3.1740377198000003,30.261166645057894,0.0
2018-10-14,124.8,49.45,4017,3761,0.02985564304461942,0.0,2.2878245136,38.78002783990559,0.0
2018-10-15,124.8,49.45,4043,3761,0.020669291338582675,0.07293307086614173,2.5308585263,38.016360243853015,22.23
2018-10-16,124.8,49.45,4069,3811,0.017388451443569552,0.010006561679790024,2.3992412321,41.696021193801954,3.05
2018-10-17,124.8,49.45,3534,3277,0.011154855643044621,0.08746719160104986,2.6359953067,42.13639030803329,26.66
2018-10-18,124.8,49.45,2899,2642,0.019028871391076115,0.019750656167979,3.1006303930000003,41.42815459832194,6.02
2018-10-19,124.8,49.45,10598,10342,0.014763779527559057,0.03490813648293963,2.4094427256,40.24871109756099,10.64
2018-10-20,124.8,49.45,6474,5963,0.0239501312335958,0.010236220472440943,2.9672477687,38.21824606794993,3.12
2018-10-21,124.8,49.45,6558,6470,0.010826771653543309,0.0,2.9753530248000004,37.22850196942789,0.0
2018-10-22,124.8,49.45,3969,3711,0.018044619422572176,0.006299212598425197,2.9716707147,35.14334270906945,1.92
2018-10-23,124.8,49.45,4215,3957,0.013779527559055118,0.0,3.1755690285000004,33.00343280683827,0.0
2018-10-24,124.8,49.45,4460,4202,0.01017060367454068,0.0,2.9408834862,31.06807247165885,0.0
2018-10-25,124.8,49.45,4460,4202,0.013123359580052492,0.0,2.8595805474000002,29.21765783937708,0.0
2018-10-26,124.8,49.45,4508,4252,0.011811023622047244,0.0,2.5293601583000003,27.602408048523564,0.0
2018-10-27,124.8,49.45,4508,4252,0.01279527559055118,0.0,2.1530942028999998,26.232263739423903,0.0
2018-10-28,124.7,49.31,2893,4252,0.00984251968503937,0.0,2.2595711632,24.818158847992052,0.0
2018-10-29,124.52,49.06,2108,4758,0.007874015748031496,0.0,2.3056368186,23.399264956311413,0.0
2018-10-30,124.31,48.77,1624,4758,0.010826771653543309,0.0,2.3230748462,22.00965549890696,0.0
2018-10-31,124.07,48.43,1138,4757,0.00853018372703412,0.0,1.7378944473,23.73287052778093,0.0
2018-11-01,123.82,48.09,991,4715,0.0062335958005249326,0.002690288713910761,2.0285904849,22.558465121084694,0.82
2018-11-02,123.57,47.75,951,4701,0.016076115485564306,0.0,1.6628861677000002,21.592725037382394,0.0
2018-11-03,123.32,47.41,913,4663,0.008858267716535433,0.0002624671916010499,1.4638096994,21.626181583361568,0.08
2018-11-04,123.07,47.07,900,4650,0.007545931758530183,0.01971784776902887,1.8031354482,20.584763047939674,6.01
2018-11-05,122.82,46.73,920,4613,0.007874015748031496,0.00013123359580052493,1.6878278659000001,19.590802157126927,0.04
2018-11-06,122.57,46.39,929,4599,0.01017060367454068,0.0,0.6799269602,19.169378419548853,0.0
2018-11-07,122.32,46.06,894,4565,0.011154855643044621,0.0,1.5320683212000001,18.27605042239424,0.0
2018-11-08,122.07,45.73,883,4553,0.010498687664041995,0.0,1.3958729541,17.940892136026843,0.0
2018-11-09,121.82,45.4,909,4523,0.004921259842519685,0.0,1.6074116907,17.051809405529244,0.0
2018-11-10,121.57,45.07,919,4512,0.0032808398950131233,0.0,1.4166669394999998,16.28427175599365,0.0
2018-11-11,121.32,44.74,888,4481,0.005905511811023622,0.0,0.7909653370999999,15.841395481731857,0.0
2018-11-12,121.07,44.42,878,4471,0.00721784776902887,0.0,1.3907038653000001,15.163276736399943,0.0
2018-11-13,120.82,44.09,907,4441,0.010826771653543309,0.0,1.4649912587,14.409377870397876,0.0
2018-11-14,120.57,43.77,918,4430,0.0055774278215223105,0.0,0.7131732954000001,14.026488828733823,0.0
2018-11-15,120.32,43.45,891,4403,0.00426509186351706,0.0,1.4463371352,13.311254812453233,0.0
2018-11-16,120.32,43.45,891,4403,0.003608923884514436,0.0,0.5445695997,14.329400866743082,0.0
2018-11-17,119.82,42.82,909,4367,0.0032808398950131233,0.0,1.2720472619,13.661098778149507,0.0
2018-11-18,119.56,42.49,776,4357,0.0022965879265091863,0.0,1.1699572433,13.140127884519524,0.0
2018-11-19,119.3,42.17,753,4335,0.003608923884514436,0.005807086614173228,0.9049457973,14.42175767608289,1.77
2018-11-20,119.05,41.85,890,4327,0.00853018372703412,0.02887139107611548,1.1377496865,13.799785045523832,8.8
2018-11-21,118.79,41.53,785,4304,0.007874015748031496,0.0,1.1216173743,13.205628346571665,0.0
2018-11-22,118.53,41.22,792,4296,0.007545931758530183,0.0002952755905511811,0.6327076886999999,14.491226959810493,0.09
2018-11-23,118.29,40.92,1056,4276,0.0055774278215223105,0.0034448818897637795,1.0262100573000001,17.350440049118873,1.05
2018-11-24,118.05,40.63,1049,4269,0.00426509186351706,0.0104002624671916,0.4986825124,18.677441705491038,3.17
2018-11-25,117.88,40.42,1114,3741,0.001968503937007874,0.0,0.6651157365,18.213818512792628,0.0
2018-11-26,117.69,40.2,1532,4239,0.0013123359580052493,0.0,1.4612014887,17.34492913399049,0.0
2018-11-27,117.48,39.94,1499,4232,0.00032808398950131233,0.0,1.3264025457,16.574213484098827,0.0
2018-11-28,117.3,39.73,1896,4212,0.0006561679790026247,0.0,1.4197316026,15.77270179536792,0.0
2018-11-29,117.1,39.49,1619,4212,0.0013123359580052493,0.0,1.0421894743,17.467729002350403,0.0
2018-11-30,116.9,39.25,1643,4206,0.0006561679790026247,0.00016404199475065617,0.5342540033,17.359628054345034,0.05
2018-12-01,116.71,39.03,1776,4187,0.0016404199475065614,0.0,1.327336179,16.581517336099203,0.0
2018-12-02,116.5,38.78,1517,4186,0.0013123359580052493,0.0,1.3635993797,15.808352820551514,0.0
2018-12-03,116.28,39.0,1366,4170,0.003608923884514436,0.0,1.3477450628,15.056400244625845,0.0
2018-12-04,116.1,38.0,1403,3665,0.004921259842519685,0.0,0.5102826939,15.392655912068827,0.0
2018-12-05,115.95,38.0,1317,3160,0.0013123359580052493,0.014534120734908137,1.1458728467000001,15.641712842166404,4.43
2018-12-06,115.8,38.0,1330,3144,0.002952755905511811,0.0,1.1586789448,15.012708239004896,0.0
2018-12-07,115.71,38.0,1126,2147,0.0013123359580052493,0.0003608923884514436,1.0413793524,14.690358809554839,0.11
2018-12-08,115.63,38.0,1258,1640,0.003937007874015748,0.0,1.2580212148999999,14.025075943674581,0.0
2018-12-09,115.59,38.0,1281,1639,0.008202099737532808,0.0,1.1593068073000001,13.424388724995135,0.0
2018-12-10,115.54,37.67,1297,1787,0.003937007874015748,0.0,1.2026839303,12.812439857378287,0.0
2018-12-11,115.48,37.6,1207,1830,0.000984251968503937,0.0,1.1822113509999999,12.226857969193313,0.0
2018-12-12,115.43,37.55,1372,1863,0.0006561679790026247,0.0,1.1159693128000001,11.683939786646569,0.0
2018-12-13,115.38,37.49,1372,1863,0.000984251968503937,0.0,1.0628644745,11.170006038681116,0.0
2018-12-14,115.34,37.44,1504,1863,0.0026246719160104987,0.0,0.9792125083,10.710750165401695,0.0
2018-12-15,115.3,37.4,1404,1763,0.002952755905511811,0.0,0.8398143787000001,10.314914840281627,0.0
2018-12-16,115.26,37.35,1404,1763,0.0026246719160104987,0.0,0.8141724127,9.980475959976813,0.0
2018-12-17,115.21,37.29,1272,1763,0.000984251968503937,0.0,0.7277269217,9.943242503768372,0.0
2018-12-18,115.17,37.25,1354,1713,0.00032808398950131233,0.0,0.9166744719,9.524968748226328,0.0
2018-12-19,115.13,37.2,1302,1662,0.0,0.0,0.7857477504000001,9.15548656107741,0.0
2018-12-20,115.09,37.16,1289,1662,0.00032808398950131233,0.0,0.7722989406,8.805510320669082,0.0
2018-12-21,115.04,37.1,1157,1662,0.0,0.0,0.7582402348,8.465367774167694,0.0
2018-12-22,115.0,37.05,1289,1662,0.00032808398950131233,0.0,0.6998933405,8.15275472485741,0.0
2018-12-23,114.96,37.01,1184,1547,0.000984251968503937,0.0,0.6553943367,7.874865614376089,0.0
2018-12-24,114.92,36.97,1179,1542,0.001968503937007874,0.0,0.6253429445,7.608100144489657,0.0
2018-12-25,114.87,36.91,1050,1542,0.0,0.0,0.6522352743,7.337585337731269,0.0
2018-12-26,114.81,36.84,921,1542,0.0006561679790026247,0.0,0.3682465457,7.183516684958212,0.0
2018-12-27,114.76,36.79,1050,1542,0.000984251968503937,0.0,0.2600554806,7.86660891804125,0.0
2018-12-28,114.7,36.72,921,1542,0.0022965879265091863,0.0,0.5109950547,9.571636995610463,0.0
2018-12-29,114.65,36.66,622,1114,0.00032808398950131233,0.0,0.2650263424,10.483695212005056,0.0
2018-12-30,114.63,36.64,582,686,0.0006561679790026247,0.0,0.305567799,10.389367327910223,0.0
2018-12-31,114.6,36.61,453,686,0.0013123359580052493,0.0,0.1814186163,10.266646007963834,0.0
2019-01-01,114.58,36.59,581,685,0.0006561679790026247,0.0,1.7819173278,10.186573513425726,0.0
2019-01-02,114.56,36.56,594,685,0.0,0.0,1.8573615413,10.096601857942384,0.0
2019-01-03,114.53,36.53,465,685,0.000984251968503937,0.0,1.8998843625,10.021440972754627,0.0
2019-01-04,114.5,36.5,465,685,0.00032808398950131233,0.0,1.8947876807,9.941322147533837,0.0
2019-01-05,114.47,36.46,450,670,0.0,0.0,1.8932215240999999,9.864857088801607,0.0
2019-01-06,114.44,36.43,445,665,0.00032808398950131233,0.0,1.9382333197,9.794681456761694,0.0
2019-01-07,114.4,36.38,315,665,0.0,0.0,1.9359004262000001,9.728246041591708,0.0
2019-01-08,114.37,36.35,444,665,0.00032808398950131233,0.0,0.7381765181000001,9.69433960880212,0.0
2019-01-09,114.33,36.31,314,664,0.0,0.0,2.0134780177000002,9.632160130375988,0.0
2019-01-10,114.29,36.26,314,664,0.0,0.0,2.0061197352,9.571296119578056,0.0
2019-01-11,114.26,36.23,444,664,0.0,0.0,2.0315310095,9.514481954943967,0.0
2019-01-12,114.15,36.11,420,1675,0.00032808398950131233,0.0,2.000962085,9.458673426325502,0.0
2019-01-13,114.02,35.96,406,2166,0.0,0.0,1.989045894,9.414686972463867,0.0
2019-01-14,113.83,35.75,269,2854,0.00032808398950131233,0.0,1.9322450314,9.371031698624124,0.0
2019-01-15,113.61,35.51,233,2849,0.001968503937007874,0.0,1.8937065841,9.33268192970637,0.0
2019-01-16,113.39,35.27,228,2844,0.00032808398950131233,0.0,1.7452499082,9.288942607712787,0.0
2019-01-17,113.31,35.18,271,627,0.0,0.0,1.6803778394,9.254390010905356,0.0
2019-01-18,113.19,35.05,265,1631,0.0,0.0,1.5925260666,9.22176494093693,0.0
2019-01-19,113.0,34.85,385,2635,0.0,0.0,1.5619096412,9.186157893466977,0.0
2019-01-20,112.8,34.63,298,2620,0.0,0.0,1.4392269076,9.1595086736209,0.0
2019-01-21,112.6,34.42,293,2615,0.0,0.0,1.3828078891,9.13407443956434,0.0
2019-01-22,112.4,34.21,288,2610,0.0,0.0,1.3637804319,9.108039418957274,0.0
2019-01-23,112.2,33.99,276,2598,0.0,0.0,1.3285762583,9.08363603905448,0.0
2019-01-24,112.0,33.78,289,2611,0.00032808398950131233,0.0,1.2492910153,9.056446842822703,0.0
2019-01-25,111.79,33.56,222,2611,0.0,0.0,1.1245447819,9.03850610210131,0.0
2019-01-26,111.58,33.34,217,2606,0.0006561679790026247,0.0,1.1201508053,9.015620906344497,0.0
2019-01-27,111.37,33.12,206,2595,0.00032808398950131233,0.0,1.1113351713,8.995987223425333,0.0
2019-01-28,111.16,32.9,202,2591,0.0,0.0,1.0748270092,8.980742541090507,0.0
2019-01-29,110.94,32.68,177,2670,0.0,0.0012467191601049866,0.9775444287999999,8.969010210495176,0.38
2019-01-30,110.72,32.45,207,2658,0.0,0.0,1.0027021076,8.95398488569734,0.0
2019-01-31,110.5,32.23,206,2657,0.0,0.0,1.0029196409,8.941563707692726,0.0
2019-02-01,110.28,32.0,194,2645,0.00032808398950131233,0.0,1.5430729986000002,8.927920733772712,0.0
2019-02-02,110.06,31.78,191,2641,0.0,0.0,1.5870894162,8.918227564507864,0.0
2019-02-03,109.84,31.56,225,2633,0.00032808398950131233,0.0,1.6056249445,8.908508978739953,0.0
2019-02-04,109.62,31.34,232,2625,0.0,0.0,1.6144529055,8.895237719769412,0.0
2019-02-05,109.45,31.17,272,2089,0.0,0.0,1.5867270225999999,8.880827559990507,0.0
2019-02-06,109.42,31.14,285,493,0.0,0.0,1.5275553466999998,8.87494860015775,0.0
2019-02-07,109.38,31.1,170,493,0.0,0.0,1.3469317649,8.945402738140793,0.0
2019-02-08,109.34,31.06,170,493,0.0,0.0001968503937007874,1.4856725913,8.926284036564374,0.06
2019-02-09,109.31,31.03,285,493,0.00032808398950131233,0.0,1.0745967985,11.355564694508375,0.0
2019-02-10,109.28,31.0,285,493,0.00032808398950131233,0.0,1.2062925963,11.329142703588117,0.0
2019-02-11,109.24,30.96,170,493,0.0,0.005807086614173228,1.2126274953,11.218852387429932,1.77
2019-02-12,109.2,30.92,170,493,0.0,0.0,1.1362643148,11.132548197921617,0.0
2019-02-13,109.16,30.88,170,493,0.00032808398950131233,0.0,1.1107578542,11.051706695003032,0.0
2019-02-14,109.13,30.85,285,493,0.0006561679790026247,0.0,1.0490328229,10.983184024412145,0.0
2019-02-15,109.09,30.81,170,493,0.00032808398950131233,0.0,1.0127991641,10.919575445385208,0.0
2019-02-16,109.05,30.78,170,493,0.0022965879265091863,0.0,0.9650427873,10.8656476739814,0.0
2019-02-17,109.01,30.74,170,493,0.00032808398950131233,0.0,0.9009428845999999,10.817667189856088,0.0
2019-02-18,108.74,30.47,149,3048,0.0013123359580052493,0.0,0.9285017172,10.774640697030462,0.0
2019-02-19,108.47,30.21,191,3087,0.0,0.0,0.8184479179,10.735572462627387,0.0
2019-02-20,108.2,29.95,186,3082,0.0032808398950131233,0.0,0.7594909262,10.714648634893447,0.0
2019-02-21,107.93,29.69,199,3076,0.0016404199475065614,0.0,0.7660315056999999,10.695031725030676,0.0
2019-02-22,107.65,29.43,135,3070,0.002952755905511811,0.0,0.5055978318,10.682607458478266,0.0
2019-02-23,107.32,29.11,142,3624,0.0016404199475065614,0.0,0.4121962076,10.669813167178578,0.0
2019-02-24,106.92,28.74,173,3759,0.0,0.0,0.7322561304,10.649411963671731,0.0
2019-02-25,106.63,28.47,141,3753,0.00032808398950131233,0.0,0.6998449701999999,10.63552728561669,0.0
2019-02-26,106.28,28.15,135,3747,0.0,0.0,0.6516511567000001,10.619337044984976,0.0
2019-02-27,105.93,27.82,144,3737,0.0,0.0,0.6191873592,10.603641728532553,0.0
2019-02-28,105.57,27.5,103,3731,0.00032808398950131233,0.0,0.5791871245,10.589235361578938,0.0
2019-03-01,105.21,27.18,99,3727,0.0006561679790026247,0.0,0.4702123628,10.583524340035233,0.0
2019-03-02,104.85,26.86,130,3721,0.0,0.0,0.5098140428,10.576752751212789,0.0
2019-03-03,104.48,26.53,85,3715,0.0,0.0002624671916010499,0.5003548676,10.568703662978102,0.08
2019-03-04,104.09,26.19,68,3902,0.0013123359580052493,0.0,0.7265068403,10.554223960078245,0.0
2019-03-05,103.7,25.85,138,3898,0.0016404199475065614,0.00032808398950131233,0.4278622061,10.546754861672627,0.1
2019-03-06,103.31,25.52,154,3892,0.006889763779527559,0.0,0.6477229081,10.533743021124971,0.0
2019-03-07,102.91,25.18,71,3886,0.00032808398950131233,0.0,0.6323049127,10.523813040225694,0.0
2019-03-08,102.54,24.87,133,3583,0.00032808398950131233,0.0,0.6351563402,10.516539348228052,0.0
2019-03-09,102.27,24.64,133,3617,0.0006561679790026247,3.280839895013123e-05,0.60067102,10.507757989773449,0.01
2019-03-10,102.23,24.61,113,375,0.00032808398950131233,0.0,0.5503887099,10.505428544998486,0.0
2019-03-11,102.19,24.58,113,375,0.0013123359580052493,6.561679790026248e-05,0.5319973227,10.499714776139363,0.02
2019-03-12,102.15,24.54,113,375,0.001968503937007874,0.0,0.5685411956,10.493877932432998,0.0
2019-03-13,102.12,24.52,210,375,0.0006561679790026247,0.0,0.5819128087,10.488968450295133,0.0
2019-03-14,102.09,24.49,210,375,0.00032808398950131233,0.0,0.5614263029,10.483806434743967,0.0
2019-03-15,102.05,24.46,113,375,0.000984251968503937,0.0,0.3941585828,10.481371931420323,0.0
2019-03-16,102.01,24.43,113,375,0.0013123359580052493,0.0,0.3961744868,10.475989005657238,0.0
2019-03-17,101.97,24.39,128,375,0.0006561679790026247,0.0,0.5724212277,10.470932433870498,0.0
2019-03-18,101.93,24.36,219,374,0.0013123359580052493,0.0,0.5625787467,10.466879486160153,0.0
2019-03-20,101.85,24.3,129,374,0.0,0.0,0.5054201476,10.634900165859479,0.0
2019-03-21,101.48,23.99,77,3432,0.0006561679790026247,0.0,0.4786104465,10.599977425632988,0.0
2019-03-22,101.09,23.68,81,3624,0.0016404199475065614,0.0,0.5910767436,10.562351335060514,0.0
2019-03-23,100.67,23.34,122,3873,0.0013123359580052493,0.0,0.5153957015999999,10.553729960467264,0.0
2019-03-24,100.25,23.01,141,3871,0.0013123359580052493,0.0,0.5156898138,10.549380540897172,0.0
2019-03-25,99.82,22.67,86,3867,0.000984251968503937,0.0,0.536091725,10.542339086324496,0.0
2019-03-26,99.39,22.34,139,3864,0.0,0.0,0.5473429858,10.535692766094156,0.0
2019-03-27,98.95,22.0,60,3863,0.00032808398950131233,0.0,0.10065583859999999,1.5684624822788769,0.0
2019-03-28,98.5,21.66,58,3861,0.0016404199475065614,0.0,0.0976611667,1.5636950935928242,0.0
2019-03-29,98.05,21.32,57,3860,0.001968503937007874,0.0,0.0926294522,1.5585216167479303,0.0
2019-03-30,97.59,20.98,61,3859,0.00032808398950131233,0.0,0.08805055029999999,1.553114805719308,0.0
2019-03-31,97.13,20.64,70,3857,0.001968503937007874,0.0,0.0840927507,1.5492825155380712,0.0
2019-04-01,96.66,20.31,59,3856,0.001968503937007874,0.0,0.09003675480000001,1.5776911822489754,0.0
2019-04-02,96.19,19.97,128,3855,0.0022965879265091863,0.00042650918635170603,0.08500676759999999,2.0934277795598284,0.13
2019-04-03,95.71,19.63,104,3853,0.0032808398950131233,0.00022965879265091866,0.1979347378,2.030885045130129,0.07
2019-04-04,95.22,19.29,62,3852,0.003608923884514436,0.0,0.1697313129,1.9719057908821456,0.0
2019-04-05,94.73,18.96,113,3848,0.0032808398950131233,0.0,0.1505854093,1.9929359057619056,0.0
2019-04-06,94.23,18.62,75,3843,0.0032808398950131233,0.0,0.1661721289,1.9428023298513293,0.0
2019-04-07,93.73,18.28,129,3842,0.0013123359580052493,0.0,0.0999530582,2.145090125405308,0.0
2019-04-08,93.22,17.95,97,3840,0.003937007874015748,0.0,0.3014566056,4.834406699448573,0.0
2019-04-09,92.7,17.61,81,3839,0.0022965879265091863,0.013418635170603672,1.1273034787,8.395397536754707,4.09
2019-04-10,92.65,17.58,102,332,0.0032808398950131233,0.00239501312335958,1.1975299195,9.723083923152334,0.73
2019-04-11,92.6,17.55,102,332,0.005905511811023622,0.0055774278215223105,1.4524010553,13.598030992318671,1.7
2019-04-12,92.55,17.52,101,331,0.005905511811023622,0.0004593175853018373,1.7886234958000002,12.419758408204393,0.14
2019-04-13,92.5,17.48,101,331,0.00426509186351706,0.0,1.5780098548,11.390690688746236,0.0
2019-04-14,92.45,17.45,101,331,0.004921259842519685,0.0,1.4306157861000002,10.461733458203039,0.0
2019-04-15,92.41,17.43,175,331,0.006561679790026247,0.0,1.3222827494,9.614161438965196,0.0
2019-04-16,92.37,17.4,175,331,0.004921259842519685,0.0,1.1955137106,8.847109702567973,0.0
2019-04-17,92.32,17.37,101,331,0.008202099737532808,0.0,0.822150004,16.149250239421733,0.0
2019-04-18,92.27,17.34,101,331,0.003608923884514436,0.008727034120734908,2.9264954301999997,24.84557057982532,2.66
2019-04-19,92.23,17.31,181,330,0.005905511811023622,0.052493438320209966,2.7871366767000003,24.54168165226916,16.0
2019-04-20,92.19,17.29,181,330,0.004921259842519685,0.0017388451443569556,2.374395662,23.63492503418469,0.53
2019-04-21,92.07,17.21,118,1390,0.0055774278215223105,0.037828083989501306,2.6544829578,22.04583474432485,11.53
2019-04-22,91.88,17.09,152,1390,0.008202099737532808,0.0,2.2209214099000003,24.377064575501013,0.0
2019-04-23,91.58,16.9,152,2170,0.007545931758530183,0.0035104986876640424,2.5338919151,23.19788437878049,1.07
2019-04-24,91.68,16.96,169,3628,0.010826771653543309,0.003969816272965879,2.8042815536,21.26273251502669,1.21
2019-04-25,90.56,16.28,108,3622,0.011811023622047244,0.0,2.6855369843,19.48680838999215,0.0
2019-04-26,90.04,15.96,116,3615,0.0062335958005249326,0.0,2.4678178652000002,17.880188514268454,0.0
2019-04-27,89.48,15.63,154,3831,0.005905511811023622,0.0,1.7899271948,17.974335255831157,0.0
2019-04-28,88.91,15.3,103,3823,0.0062335958005249326,0.002066929133858268,1.8381508782,17.286801551225718,0.63
2019-04-29,88.35,14.98,109,3672,0.008858267716535433,0.0,1.3494814104,17.658219868257074,0.0
2019-04-30,87.79,14.66,151,3674,0.00853018372703412,0.008891076115485563,2.2756727444,25.936475643276356,2.71
2019-05-01,87.22,14.35,147,3669,0.01279527559055118,0.05971128608923884,2.9792597820999998,27.70076283750661,18.2
2019-05-02,86.64,14.03,153,3661,0.01279527559055118,0.0,3.5366898726,25.125646807069177,0.0
2019-05-03,86.05,13.72,122,3021,0.011154855643044621,0.0,3.1944599203,22.953007177466983,0.0
2019-05-04,85.45,13.4,151,3021,0.010498687664041995,0.0,2.8297331542000004,21.07772628935488,0.0
2019-05-05,84.84,13.09,156,3021,0.007545931758530183,0.0,2.3291850854,20.0995585576473,0.0
2019-05-06,84.21,12.77,107,3021,0.008202099737532808,0.0002952755905511811,2.1568355933000003,20.49413321764381,0.09
2019-05-07,83.68,12.51,133,2415,0.009186351706036744,0.013910761154855645,1.2439038658,21.637402474453086,4.24
2019-05-08,83.26,12.3,164,2116,0.0055774278215223105,0.02946194225721785,1.8839980042,23.812674030933362,8.98
2019-05-09,82.69,12.02,154,2911,0.009186351706036744,0.0297244094488189,2.7143693160000004,21.98772733353158,9.06
2019-05-10,82.28,11.83,136,1971,0.010826771653543309,0.0,2.6702307687999998,20.2300807112933,0.0
2019-05-11,82.22,11.8,143,50,0.006889763779527559,0.002066929133858268,1.8299940698,24.398621735955125,0.63
2019-05-12,82.16,11.77,143,50,0.012467191601049869,0.013090551181102365,2.2688726025,26.02796674498784,3.99
2019-05-13,82.1,11.74,143,50,0.014107611548556429,0.013910761154855645,2.6512634355,28.243789424644728,4.24
2019-05-14,82.22,11.8,143,50,0.020669291338582675,0.05593832020997375,1.4769327032,27.08308555545767,17.05
2019-05-15,82.0,11.69,197,50,0.015091863517060366,0.0066929133858267716,2.6057415495,29.592012613526396,2.04
2019-05-16,81.94,11.67,149,50,0.014435695538057744,0.02985564304461942,3.4102755999000003,31.889485611772557,9.1
2019-05-17,81.88,11.64,142,50,0.017716535433070866,0.008595800524934383,3.4296171302999996,37.74288098254107,2.62
2019-05-18,81.82,11.61,142,50,0.017716535433070866,0.027919947506561682,4.4049901928,38.427619203818885,8.51
2019-05-19,81.76,11.58,141,50,0.014107611548556429,0.00013123359580052493,4.6702925155,33.883291540382025,0.04
2019-05-20,81.7,11.56,141,50,0.015419947506561681,0.0,4.0010662363,31.124671029467297,0.0
2019-05-21,81.65,11.53,195,50,0.011154855643044621,0.0031824146981627296,3.4896039727,29.394303544710702,0.97
2019-05-22,81.59,11.51,140,50,0.014435695538057744,0.007250656167979002,3.4453570382,28.182586010569548,2.21
2019-05-23,81.53,11.48,139,50,0.017716535433070866,0.017388451443569552,2.6284106949,32.25405165768557,5.3
2019-05-24,81.47,11.45,139,50,0.016732283464566927,0.006332020997375328,3.7376212838,38.43067627933425,1.93
2019-05-25,81.42,11.43,193,50,0.02099737532808399,0.038188976377952766,4.1338308841,39.27170141732533,11.64
2019-05-26,81.37,11.4,193,50,0.014763779527559057,0.056758530183727035,3.909687895,37.132917477967965,17.3
2019-05-27,81.31,11.38,138,50,0.00984251968503937,0.010039370078740156,4.264316508399999,34.05915780049402,3.06
2019-05-28,81.25,11.35,137,50,0.014435695538057744,0.0,3.4581833957,41.14278114744255,0.0
2019-05-29,81.2,11.32,191,50,0.007874015748031496,0.0667979002624672,3.9244186561000003,37.732266975897886,20.36
2019-05-30,81.14,11.3,137,50,0.005249343832020997,0.029232283464566924,3.6557738606,37.900467190989225,8.91
2019-05-31,81.08,11.27,136,50,0.009514435695538058,0.04921259842519685,3.1447812338,37.49296039727521,15.0
2019-06-01,81.03,11.25,190,50,0.00984251968503937,0.08615485564304462,2.6740498549000002,36.57690118781267,26.26
2019-06-02,80.97,11.22,122,345,0.012139107611548556,0.0,3.6177346528,37.58346466904473,0.0
2019-06-03,80.91,11.19,121,344,0.006561679790026247,0.05236220472440945,2.7224134044999997,36.59081932136192,15.96
2019-06-04,80.85,11.17,120,343,0.009186351706036744,0.0,2.8676726614,38.25731897059127,0.0
2019-06-05,80.79,11.14,120,343,0.005905511811023622,0.003018372703412073,4.876161562,40.98501621984451,0.92
2019-06-06,80.73,11.11,119,342,0.005905511811023622,0.05980971128608924,3.9483962663,39.23297598248415,18.23
2019-06-07,80.67,11.08,119,342,0.0062335958005249326,0.012368766404199474,2.9407204932999997,40.11897653396807,3.77
2019-06-08,80.62,11.06,170,342,0.004921259842519685,0.0035104986876640424,3.2672571806999997,38.11927279818326,1.07
2019-06-09,80.56,11.04,117,340,0.007874015748031496,0.0010826771653543307,2.3554306553,37.87645881517759,0.33
2019-06-10,80.5,11.01,117,340,0.0032808398950131233,0.011581364829396323,2.7696581748,37.022478200730475,3.53
2019-06-11,80.44,10.98,116,339,0.00721784776902887,0.0019028871391076113,0.5720328367999999,36.872539764442955,0.58
2019-06-12,80.38,10.95,116,339,0.004593175853018373,0.005774278215223097,2.0389550927,35.87208453755537,1.76
2019-06-13,80.32,10.93,115,338,0.002952755905511811,0.013943569553805771,1.7576506224000001,37.8014730559118,4.25
2019-06-14,80.26,10.9,114,337,0.0062335958005249326,0.0016076115485564304,2.8130831885000003,36.06216194843443,0.49
2019-06-15,80.2,10.87,113,336,0.002952755905511811,0.002985564304461942,3.0197831889,34.35727721160036,0.91
2019-06-16,80.14,10.85,112,335,0.003608923884514436,0.003248031496062992,3.0918038494999998,32.73444149372425,0.99
2019-06-17,80.08,10.82,111,334,0.00426509186351706,0.0,2.9316437831,31.30632841342444,0.0
2019-06-18,80.03,10.8,156,332,0.005905511811023622,0.0,2.8835773543000003,29.969600298059305,0.0
2019-06-19,79.99,10.78,206,331,0.003937007874015748,0.0004921259842519685,2.8181661786000003,29.273408031894302,0.15
2019-06-20,79.95,10.76,204,325,0.003937007874015748,0.005741469816272966,1.6809123044,28.507267095927496,1.75
2019-06-21,79.9,10.74,153,325,0.0026246719160104987,0.0,1.0481296001,34.02247814219093,0.0
2019-06-22,79.86,10.72,203,324,0.0026246719160104987,0.004330708661417323,2.8620619201,35.54648294102189,1.32
2019-06-23,79.82,10.71,203,324,0.005249343832020997,0.0035433070866141727,3.1744724578,38.37083761379576,1.08
2019-06-24,79.79,10.69,253,324,0.00426509186351706,0.02158792650918635,3.2183918701,36.53103610031327,6.58
2019-06-25,79.76,10.68,253,324,0.004921259842519685,0.0015091863517060367,2.5585468198,38.89551390397342,0.46
2019-06-26,79.74,10.67,303,324,0.0022965879265091863,0.004101049868766404,3.3952037821,37.811682765422354,1.25
2019-06-27,79.72,10.66,303,324,0.002952755905511811,0.007447506561679791,3.0048769064,35.928799098324085,2.27
2019-06-28,79.77,10.68,655,324,0.0016404199475065614,0.014501312335958003,2.9332941474000003,34.253611155061805,4.42
2019-06-29,79.88,10.73,956,324,0.002952755905511811,0.003871391076115485,2.147408042,33.914005111097964,1.18
2019-06-30,79.98,10.78,907,324,0.0026246719160104987,0.03681102362204725,2.1556871259,32.903399569881806,11.22
2019-07-01,80.05,10.81,771,324,0.002952755905511811,0.01433727034120735,3.7151254243,33.069942511461115,4.37
2019-07-02,80.1,10.83,669,332,0.003608923884514436,0.02034120734908136,1.2463365618,32.30819071657469,6.2
2019-07-03,80.15,10.85,659,333,0.004921259842519685,0.025131233595800526,3.1462251252999995,30.991973879909423,7.66
2019-07-04,80.2,10.87,662,335,0.0026246719160104987,0.004297900262467192,3.5630959575,31.687901619085466,1.31
2019-07-05,80.4,10.96,1441,337,0.0022965879265091863,0.002099737532808399,3.1929591031999998,30.549920098792892,0.64
2019-07-06,80.75,11.12,2222,341,0.008202099737532808,0.025,2.9612082419,30.672531348955594,7.62
2019-07-07,81.55,11.49,4651,346,0.006889763779527559,0.023884514435695538,3.5002373850999997,29.842128697462822,7.28
2019-07-08,83.65,12.49,12039,356,0.007545931758530183,0.01496062992125984,3.6895948818,28.45581812290629,4.56
2019-07-09,84.85,13.09,7407,365,0.00426509186351706,6.561679790026248e-05,2.9138240002999996,28.20926935474869,0.02
2019-07-10,86.1,13.74,7985,374,0.005249343832020997,0.02808398950131234,3.3095312626999998,27.165004179562732,8.56
2019-07-11,87.1,14.28,6698,384,0.005249343832020997,0.017191601049868766,2.8845934361000003,26.58947716553964,5.24
2019-07-12,88.35,14.98,8546,390,0.00721784776902887,0.010334645669291338,3.1800525813,25.949523742099338,3.15
2019-07-13,89.2,15.47,6127,395,0.004593175853018373,0.0035104986876640424,3.3361103207,26.272516798589578,1.07
2019-07-14,89.85,15.85,4902,399,0.005249343832020997,0.0088254593175853,2.4636160893,27.64162198499844,2.69
2019-07-15,90.3,16.12,3608,401,0.004921259842519685,0.023326771653543302,2.089761105,26.95531346791644,7.11
2019-07-16,90.65,16.33,2942,403,0.005249343832020997,0.01932414698162729,2.2908634468,30.943595801076924,5.89
2019-07-17,90.9,16.48,2578,405,0.0055774278215223105,0.01837270341207349,3.4218358825,31.614534329546107,5.6
2019-07-18,90.88,16.47,2546,2595,0.005905511811023622,0.008661417322834646,3.376742417,33.71749441360071,2.64
2019-07-19,90.73,16.38,1949,2908,0.002952755905511811,0.03169291338582677,3.2424393083,40.33716565229107,9.66
2019-07-20,90.03,15.95,995,5810,0.005249343832020997,0.03625328083989501,2.5852014773,37.22951600805784,11.05
2019-07-21,88.93,15.31,336,7721,0.007874015748031496,0.0007545931758530184,2.2681784107,36.307329811145074,0.23
2019-07-22,88.12,14.85,641,5906,0.0062335958005249326,0.0051181102362204715,1.8119636324000001,36.29358378079297,1.56
2019-07-23,87.75,14.64,3703,6019,0.011154855643044621,0.010958005249343832,3.0060094841000002,37.06956643047339,3.34
2019-07-24,87.9,14.72,7047,6011,0.006561679790026247,0.006003937007874016,3.2430750245,37.49921626946573,1.83
2019-07-25,88.35,14.98,9066,6039,0.010498687664041995,0.004396325459317585,2.6933482025,35.99720448896187,1.34
2019-07-26,88.4,15.01,7220,6812,0.002952755905511811,0.013713910761154855,2.567334015,38.11695353433832,4.18
2019-07-27,88.1,14.84,5068,6968,0.004593175853018373,0.004954068241469815,3.3914176935,36.686389763468455,1.51
2019-07-28,87.7,14.61,4921,7425,0.004921259842519685,0.00022965879265091866,2.5413262575,36.76447997278072,0.07
2019-07-29,87.13,14.3,4352,7927,0.003937007874015748,0.01968503937007874,2.352731522,35.538736794338995,6.0
2019-07-30,86.2,13.8,3200,8931,0.005905511811023622,0.01138451443569554,2.8545835471,35.655522345654795,3.47
2019-07-31,85.1,13.22,3394,9994,0.006889763779527559,0.004494750656167979,3.9261350567,33.633337552647426,1.37
2019-08-01,84.5,12.92,6511,9972,0.007545931758530183,0.002263779527559055,4.1510970828,31.65461885543925,0.69
2019-08-02,83.9,12.61,6512,9933,0.00721784776902887,0.00853018372703412,3.3734342391000003,30.728877399182075,2.6
2019-08-03,83.45,12.39,5104,7589,0.00426509186351706,0.0,3.6167753392,30.285398486293605,0.0
2019-08-04,83.2,12.27,4782,8332,0.005905511811023622,0.0003608923884514436,3.6904283811000003,29.88592912857624,0.11
2019-08-05,83.1,12.22,5654,6149,0.005249343832020997,0.022276902887139103,2.7639190134,30.002774179899568,6.79
2019-08-06,84.2,12.76,12655,6296,0.0055774278215223105,0.07824803149606299,1.2577931497,35.9120143117452,23.85
2019-08-07,86.9,14.17,22719,6330,0.00426509186351706,0.07463910761154856,1.6747933244,39.412834453664324,22.75
2019-08-08,91.0,16.54,30774,3276,0.0026246719160104987,0.07916666666666666,3.3510168523000003,41.056528653969224,24.13
2019-08-09,97.5,16.51,51152,424,0.00426509186351706,0.15351049868766406,2.6897369143,41.65247687439805,46.79
2019-08-10,108.5,25.84,108555,491,0.006561679790026247,0.030675853018372706,3.1711170216,39.22745543739281,9.35
2019-08-11,118.75,37.08,187721,57423,0.007545931758530183,0.004101049868766404,4.2499827477,36.5995970355712,1.25
2019-08-12,122.3,41.63,204200,151365,0.00426509186351706,0.012073490813648294,3.5287641145,34.587229866081664,3.68
2019-08-13,123.7,47.93,90318,68210,0.00721784776902887,0.021423884514435696,3.1404762757999998,36.13014584440706,6.53
2019-08-14,124.1,48.48,38844,32278,0.004921259842519685,0.003608923884514436,2.7045805724000003,37.408099053179455,1.1
2019-08-15,124.8,49.45,18768,7254,0.0026246719160104987,0.047736220472440936,3.7229569845999997,35.405939110884134,14.55
2019-08-16,124.8,49.45,18500,18293,0.004593175853018373,0.002362204724409449,2.8263336619,40.52105053708439,0.72
2019-08-17,124.8,49.45,21954,21746,0.0055774278215223105,0.0823490813648294,3.8453895433,41.47788009693031,25.1
2019-08-18,124.7,49.31,23489,24895,0.004921259842519685,0.012959317585301838,3.820392462,41.60517692552037,3.95
2019-08-19,124.8,49.45,17279,15454,0.00853018372703412,0.048031496062992125,4.0611597992,43.094712564666814,14.64
2019-08-20,124.8,49.45,8543,8349,0.006889763779527559,0.04425853018372703,3.4995529469,43.123739867939406,13.49
2019-08-21,124.8,49.45,8543,8349,0.00853018372703412,0.0551509186351706,3.6215464441000003,43.12489592409082,16.81
2019-08-22,124.8,49.45,8443,8250,0.009514435695538058,0.0436023622047244,3.8588190735000003,43.00541220336761,13.29
2019-08-23,124.8,49.45,8443,8250,0.004593175853018373,0.010203412073490813,4.3637827075,43.24749088843157,3.11
2019-08-24,124.8,49.45,8493,8151,0.0062335958005249326,0.022703412073490813,2.9236955255000003,41.36563765177433,6.92
2019-08-25,124.8,49.45,8342,8151,0.006889763779527559,0.00239501312335958,4.5897185123,38.33723433260406,0.73
2019-08-29,124.8,49.45,8840,8649,0.009514435695538058,0.0035104986876640424,4.4707905291,31.539788670005464,1.07
2019-08-30,124.8,49.45,8740,8549,0.0062335958005249326,0.007185039370078741,3.995408815,30.563722487523602,2.19
2019-08-31,124.8,49.45,8740,8549,0.007545931758530183,0.0016076115485564304,3.5504928470999997,33.17091588982479,0.49
2019-09-01,124.8,49.45,8776,8599,0.006889763779527559,3.280839895013123e-05,3.3020255283999997,33.62312690631117,0.01
2019-09-02,124.8,49.45,8808,8599,0.008202099737532808,0.0013451443569553806,3.4884284766,32.521456327396876,0.41
2019-09-03,124.8,49.45,8808,8599,0.008202099737532808,0.008727034120734908,1.4412115353,32.07012820877987,2.66
2019-09-04,124.8,49.45,12285,12076,0.007874015748031496,0.0354002624671916,2.9093421092000002,31.396053427227713,10.79
2019-09-05,124.8,49.45,18018,17809,0.0055774278215223105,0.032644356955380566,2.9385263338,30.227421136411422,9.95
2019-09-06,124.8,49.45,44727,44518,0.0062335958005249326,0.03533464566929133,3.5184178926,28.94806757441909,10.77
2019-09-07,124.8,49.45,55774,55570,0.01017060367454068,0.022211286089238842,3.5831527812,28.823901303612644,6.77
2019-09-08,124.8,49.45,41964,41755,0.008858267716535433,0.03559711286089238,3.4507257572000003,28.59324048747077,10.85
2019-09-09,124.8,49.45,45648,45439,0.006561679790026247,0.04196194225721785,3.9834181089,27.35556475297153,12.79
2019-09-10,124.8,49.45,45648,45439,0.010498687664041995,0.006561679790026247,3.261921726,27.96219474189615,2.0
2019-09-11,124.8,49.45,41400,41191,0.016732283464566927,0.01433727034120735,2.2489119104,27.94571808712896,4.37
2019-09-12,124.8,49.45,20574,20365,0.013451443569553804,0.00265748031496063,1.9595441161000002,33.62989488513053,0.81
2019-09-13,124.8,49.45,14434,14225,0.011811023622047244,0.007020997375328085,3.9518804892,35.159156556617035,2.14
2019-09-14,124.8,49.45,14434,14225,0.009514435695538058,0.0034448818897637795,4.5722016206000005,35.86495072818009,1.05
2019-09-15,124.8,49.45,14434,14225,0.016076115485564306,0.003937007874015748,4.4674014709,35.341147012588394,1.2
2019-09-16,124.8,49.45,14334,14125,0.016076115485564306,0.0021981627296587926,3.5827266981,37.5196911569443,0.67
2019-09-17,124.8,49.45,9269,9060,0.021653543307086614,0.043143044619422574,3.4845327154000003,38.20318495924041,13.15
2019-09-18,124.8,49.45,8808,8599,0.01706036745406824,0.0229002624671916,3.3639851338,36.52762873000771,6.98
2019-09-19,124.8,49.45,8808,8599,0.022965879265091863,0.0016076115485564304,3.2778503941,35.024123106063925,0.49
2019-09-20,124.8,49.45,8858,8649,0.020669291338582675,0.0008530183727034121,4.2533877573000005,33.1880346969405,0.26
2019-09-21,124.8,49.45,8908,8699,0.022309711286089242,0.0008858267716535432,4.3490294123,31.33672016859532,0.27
2019-09-22,124.8,49.45,8908,8699,0.01968503937007874,0.0009514435695538057,3.6432986273,34.812916233538274,0.29
2019-09-23,124.8,49.45,8858,8649,0.019356955380577433,0.13143044619422573,3.8646265941,37.32280141836677,40.06
2019-09-24,124.8,49.45,8808,8599,0.01968503937007874,0.18179133858267715,4.1514847993,38.02761627737755,55.41
2019-09-25,124.8,49.45,11809,11599,0.018044619422572176,0.005183727034120735,3.0330799496,41.52359497041311,1.58
2019-09-26,124.8,49.45,13437,13229,0.016404199475065617,0.031135170603674538,3.4210186471,40.12809764466292,9.49
2019-09-27,124.8,49.45,11471,11263,0.024278215223097116,0.00400262467191601,4.2037470476,37.715061651271036,1.22
2019-09-28,124.8,49.45,8708,8500,0.019028871391076115,0.013976377952755905,4.4448020487,35.1642344900693,4.26
2019-09-29,124.8,49.45,8708,8500,0.014763779527559057,0.0006889763779527559,4.4037062982,32.90679302997348,0.21
2019-09-30,124.8,49.45,6866,6658,0.010498687664041995,0.003116797900262467,3.5043200776,31.867703614034934,0.95
2019-10-01,124.8,49.45,6866,6658,0.019356955380577433,9.84251968503937e-05,3.563536423,34.78506447144511,0.03
2019-10-02,124.8,49.45,5172,4816,0.025918635170603683,0.07398293963254593,4.199585690899999,42.246474737655895,22.55
2019-10-03,124.8,49.45,5172,4915,0.02099737532808399,0.07522965879265091,3.5535939275,40.184946892266716,22.93
2019-10-04,124.8,49.45,4675,4417,0.018044619422572176,0.016896325459317584,3.0371806764,38.97558240657503,5.15
2019-10-05,124.8,49.45,3832,3575,0.018700787401574805,0.025918635170603683,3.3225959607999997,37.977071502762215,7.9
2019-10-06,124.8,49.45,3832,3575,0.017716535433070866,0.024081364829396323,3.4654113148000003,36.865802802601735,7.34
2019-10-07,124.8,49.45,3089,2832,0.018700787401574805,0.057381889763779524,3.3240397158999997,37.337208964085185,17.49
2019-10-08,124.8,49.45,3063,2807,0.0239501312335958,0.11814304461942254,2.6455089263,36.5244735988309,36.01
2019-10-09,124.8,49.45,5483,5227,0.01968503937007874,0.003608923884514436,2.5112940151,35.10136661726942,1.1
2019-10-10,124.8,49.45,7903,7647,0.02034120734908136,0.009416010498687665,2.4463545874,33.8389113588787,2.87
2019-10-11,124.8,49.45,5483,5227,0.01837270341207349,0.011122047244094487,3.1907978422000003,32.73502834153077,3.39
2019-10-12,124.8,49.45,3063,2807,0.00984251968503937,0.026246719160104987,3.7587670389,34.873243991514336,8.0
2019-10-13,124.8,49.45,4349,4093,0.01968503937007874,0.003116797900262467,3.7212857364,34.986597065840456,0.95
2019-10-14,124.8,49.45,4623,4367,0.02985564304461942,0.022309711286089242,3.7396912112000003,33.15557366865073,6.8
2019-10-15,124.8,49.45,4623,4367,0.020669291338582675,0.0,2.5279968346,40.05234288302811,0.0
2019-10-16,124.8,49.45,8253,7997,0.017388451443569552,0.10078740157480316,2.2412790428,39.5110534392254,30.72
2019-10-17,124.8,49.45,24660,24404,0.011154855643044621,0.006856955380577428,2.5533249856999998,42.08694795369361,2.09
2019-10-18,124.8,49.45,16481,16225,0.019028871391076115,0.020669291338582675,3.0148903419999997,42.50847364446319,6.3
2019-10-19,124.8,49.45,8556,8300,0.014763779527559057,0.024868766404199476,3.5647240316000004,42.602826433103594,7.58
2019-10-20,124.8,49.45,8556,8300,0.0239501312335958,0.005150918635170604,1.7639133522,42.570626449190186,1.57
2019-10-21,124.8,49.45,8307,8051,0.010826771653543309,0.029166666666666667,2.5080497432,42.93335604049352,8.89
2019-10-22,124.8,49.45,7527,7271,0.018044619422572176,0.09986876640419948,2.566655615,43.5029982276482,30.44
2019-10-23,124.8,49.45,19416,19160,0.013779527559055118,0.027887139107611543,2.4249972377,43.24715052522078,8.5
2019-10-24,124.8,49.45,24024,23768,0.01017060367454068,0.00531496062992126,3.0640007348,41.96447658386947,1.62
2019-10-25,124.8,49.45,10431,10175,0.013123359580052492,0.004757217847769029,2.775456246,40.579592427610066,1.45
2019-10-26,124.8,49.45,6747,6491,0.011811023622047244,0.013221784776902888,2.4881372806,40.018074100664094,4.03
2019-10-27,124.8,49.45,10382,10125,0.01279527559055118,0.0017716535433070864,2.4984882308,41.75649287381352,0.54
2019-10-28,124.8,49.45,14066,13809,0.00984251968503937,0.042060367454068236,3.3130034949000002,41.627700701056405,12.82
2019-10-29,124.8,49.45,14066,13809,0.007874015748031496,0.0005249343832020997,2.3223192406,40.69821552601423,0.16
2019-10-30,124.8,49.45,9487,9229,0.010826771653543309,0.014993438320209974,2.0697722816999997,40.638240770971706,4.57
2019-10-31,124.8,49.45,8062,7806,0.00853018372703412,0.025984251968503937,1.9693740816,41.26155340642482,7.92
2019-11-01,124.8,49.45,7816,7560,0.0062335958005249326,0.00908792650918635,3.0773398753,39.400358640265715,2.77
2019-11-02,124.8,49.45,7768,7560,0.016076115485564306,0.0,3.2211785632,37.348441048137566,0.0
2019-11-03,124.8,49.45,7768,7560,0.008858267716535433,3.280839895013123e-05,2.987582459,35.539313010347364,0.01
2019-11-04,124.8,49.45,7818,7610,0.007545931758530183,0.0,3.168700537,33.74721781860747,0.0
2019-11-05,124.8,49.45,7868,7660,0.007874015748031496,0.02457349081364829,3.3029656802,32.11019991267877,7.49
2019-11-06,124.8,49.45,7868,7660,0.01017060367454068,0.0,2.8754325776,30.81689741485671,0.0
2019-11-07,124.8,49.45,6026,5818,0.011154855643044621,3.280839895013123e-05,2.2968161538,32.20217940530685,0.01
2019-11-08,124.8,49.45,6026,5818,0.010498687664041995,0.015321522309711285,2.2192201094999997,32.06596880114391,4.67
2019-11-09,124.8,49.45,5976,5768,0.004921259842519685,0.14448818897637794,2.3962764268,33.01234530106227,44.04
2019-11-10,124.8,49.45,10766,10558,0.0032808398950131233,0.02158792650918635,1.8795134264,32.62428115050609,6.58
2019-11-11,124.8,49.45,10766,10558,0.005905511811023622,0.007250656167979002,2.1031442564,31.955336857431263,2.21
2019-11-13,124.8,49.45,5926,5718,0.010826771653543309,0.0,1.8695865090000001,29.840264636971717,0.0
2019-11-14,124.8,49.45,5976,5768,0.0055774278215223105,0.0,2.6497747818,28.775659321163225,0.0
2019-11-16,124.8,49.45,6026,5818,0.003608923884514436,0.0057086614173228354,2.2908967241,27.18674762410837,1.74
2019-11-18,124.8,49.45,5926,5718,0.0022965879265091863,0.0,2.4830071135,25.730884807121445,0.0
2019-11-19,124.8,49.45,5926,5718,0.003608923884514436,0.0,2.7738878279000003,25.14551644114321,0.0
2019-11-20,124.77,49.41,4597,4873,0.00853018372703412,0.0,1.5068025106,30.436889350938,0.0
2019-11-21,124.7,49.31,3951,4873,0.007874015748031496,0.01604330708661417,2.3166499057,29.276285549433737,4.89
2019-11-22,124.61,49.19,3628,4873,0.007545931758530183,0.0,2.3553676584,28.23253629809276,0.0
2019-11-23,124.51,49.05,3467,4873,0.0055774278215223105,0.0001968503937007874,2.2074235456,27.4130287756281,0.06
2019-11-24,124.39,48.88,3143,4872,0.00426509186351706,0.0,2.5232782068,26.331075791177717,0.0
2019-11-25,124.29,48.74,3466,4872,0.001968503937007874,0.0,2.0377565494,25.726058321606683,0.0
2019-11-26,124.15,48.54,2820,4872,0.0013123359580052493,0.0,2.4338831541,25.170137344458343,0.0
2019-11-27,124.02,48.36,2981,4872,0.00032808398950131233,0.0008858267716535432,2.4630806426,24.723649156288644,0.27
2019-11-28,123.92,48.23,3446,4829,0.0006561679790026247,3.280839895013123e-05,0.7854467051,24.542447311798693,0.01
2019-11-29,123.82,48.09,3437,4815,0.0013123359580052493,0.0,1.1540123823000001,24.71541808555017,0.0
2019-11-30,123.71,47.94,3279,4815,0.0006561679790026247,3.280839895013123e-05,0.7037420309,25.418038972308956,0.01
2019-12-01,123.61,47.8,3422,4815,0.0016404199475065614,0.000984251968503937,1.2491031766,25.478603593086948,0.3
2019-12-02,123.53,47.69,3754,4815,0.0013123359580052493,0.0145997375328084,0.8508925390000001,25.710236601639124,4.45
2019-12-03,123.49,47.64,2337,4803,0.003608923884514436,0.002821522309711286,1.6518475675,25.205768630170496,0.86
2019-12-09,123.1,47.11,3387,4764,0.008202099737532808,0.0,1.9408472299000001,21.28557821518362,0.0
2019-12-10,122.98,46.94,3065,4752,0.003937007874015748,0.0,1.6231528065,20.828983075904997,0.0
2019-12-11,124.8,49.45,5926,5718,0.000984251968503937,0.0,1.5871960098,20.29758608129812,0.0
2019-12-11,122.85,46.77,2900,4713,0.000984251968503937,0.0,1.5871960098,20.29758608129812,0.0
2019-12-12,122.72,46.59,2900,4712,0.0006561679790026247,0.0,1.0015855024,19.98688774336077,0.0
2019-12-13,122.59,46.42,2900,4712,0.000984251968503937,0.0,1.9993123093,19.45606558219985,0.0
2019-12-14,122.46,46.25,2888,4701,0.0026246719160104987,0.0,1.3976113393,19.068010371219767,0.0
2019-12-15,122.36,46.11,3318,4666,0.002952755905511811,0.0048556430446194225,1.4947521418,24.308474324354037,1.48
2019-12-16,122.28,46.01,3627,4666,0.0026246719160104987,0.0,2.1611604271,23.274425863090556,0.0
2019-12-17,122.17,45.86,3163,4666,0.000984251968503937,0.0,1.9559961772999999,22.318164540900213,0.0
2019-12-18,122.07,45.73,3318,4666,0.00032808398950131233,0.0,1.0925119144,21.777083551761717,0.0
2019-12-19,121.98,45.61,3469,4656,0.0,0.0,1.8844815297,20.942321582505343,0.0
2019-12-20,121.9,45.5,3235,4268,0.00032808398950131233,0.0,1.869588541,20.187233181400103,0.0
2019-12-21,121.83,45.41,3237,4119,0.0,0.0,1.8169842883,19.507415811448265,0.0
2019-12-22,121.77,40.93,3388,4118,0.00032808398950131233,0.0,1.7299672368,18.897915339050925,0.0
2019-12-23,121.72,40.86,3540,4118,0.000984251968503937,0.0,1.6388807145,18.17376159276991,0.0
2019-12-24,121.7,45.17,3237,4118,0.001968503937007874,0.0,1.6026940319,17.707007030764554,0.0
2019-12-25,121.6,45.11,3049,3627,0.0,0.0,1.3591905129,17.31055598000744,0.0
2019-12-26,121.6,45.04,3049,3627,0.0006561679790026247,0.0,1.4446160872,17.699612095667256,0.0
2019-12-27,121.5,44.98,3049,3627,0.000984251968503937,0.0,1.5331968247999999,17.183521306678347,0.0
2019-12-28,121.5,45.02,2043,1408,0.0022965879265091863,0.0,1.3727891624000002,16.711467126190573,0.0
2019-12-29,121.6,45.07,1994,1208,0.00032808398950131233,0.0,1.2789313659000001,16.292468150305687,0.0
2019-12-30,121.6,45.12,1994,1208,0.0006561679790026247,0.0,1.2658460737000001,15.89143584942344,0.0
