,DATE,EVAPO_TRANSP_MM,SOIL_MOIST_PERCENT
0,2018-06-01,3.0430281288,36.56892251394356
1,2018-06-02,4.0302534592,36.05075453884447
2,2018-06-03,2.1080956645,35.37520734300631
3,2018-06-04,1.9015131338,34.826442270842016
4,2018-06-05,1.2768475276,37.00296173753206
5,2018-06-06,1.6360328841,41.41862385180072
6,2018-06-07,1.5111951637,44.19622433553681
7,2018-06-08,1.8600794409,43.542324893837744
8,2018-06-09,1.7689345146000002,43.07956341529472
9,2018-06-10,2.1500993489,41.448198062942026
10,2018-06-11,2.140542185,43.44391872144285
11,2018-06-12,1.6105079247999998,43.51384333018447
12,2018-06-13,3.0574950357,44.036430997726704
13,2018-06-14,2.3438073597,43.917580334902866
14,2018-06-15,4.0542431702999995,43.25050194835122
15,2018-06-16,3.7920859097000004,41.74065131780193
16,2018-06-17,3.1324019236000002,40.78639835245749
17,2018-06-18,3.2637791157,39.44148705415756
18,2018-06-19,2.3662802593,39.360954304474866
19,2018-06-20,1.175502245,40.9361492525774
20,2018-06-21,1.741685142,40.206314872870024
21,2018-06-22,2.9030666388,40.372955026958316
22,2018-06-23,3.0022567093,40.7308009737781
23,2018-06-24,3.7481724293000003,39.716614472447354
24,2018-06-25,2.2598249231,41.53487915420535
25,2018-06-26,2.0323817542,43.995566171620645
26,2018-06-27,1.9227623902000002,44.07269831713682
27,2018-06-28,2.0761857015,44.0166478310411
28,2018-06-29,2.7750649608,43.99006347911874
29,2018-06-30,3.5080241932,43.46321820273649
30,2018-07-01,3.5061304102999995,42.77632400075143
31,2018-07-02,3.6156526011000003,41.80247627936811
32,2018-07-03,3.0204107647000003,40.69532051963933
33,2018-07-04,3.5478380545999997,41.236648436376406
34,2018-07-05,3.3516050725,39.28314157499498
35,2018-07-06,1.8468635333,43.04330287146605
36,2018-07-07,2.6057635713,44.16411424585914
37,2018-07-08,2.6209145838,44.16480930369463
38,2018-07-09,2.3469848352000002,44.175304008733924
39,2018-07-10,1.9262305284,44.193137567388135
40,2018-07-11,1.8019518543000002,44.197400719946955
41,2018-07-12,2.1422449158,44.18928637238436
42,2018-07-13,2.0630717992,43.945541886444204
43,2018-07-14,1.2196167699,43.987482976490135
44,2018-07-15,1.8786986702000001,44.03960395156788
45,2018-07-16,1.9055016915,43.67964909286327
46,2018-07-17,1.5505370790000002,44.018527916236756
47,2018-07-18,2.2341693025,43.769066598737155
48,2018-07-19,1.5955587938,44.033460918512304
49,2018-07-20,1.5922021709,44.21124365124368
50,2018-07-21,2.0465911853,44.18463401018429
51,2018-07-22,2.613805219,43.6488622190553
52,2018-07-23,1.8693914845,42.69027397495685
53,2018-07-24,1.3484015936000002,42.7545814114255
54,2018-07-25,1.931862182,41.48731257820923
55,2018-07-26,2.4676458254,39.869253110238326
56,2018-07-27,2.5448512664,39.11315166938013
57,2018-07-28,2.5188357947999997,38.498082825343204
58,2018-07-29,2.3997689976,37.44401678279636
59,2018-07-30,2.4327546009,36.99717952523883
60,2018-07-31,2.679023001,37.10819178219301
61,2018-08-01,2.1434807539,40.97327926558396
62,2018-08-02,3.7841634957,39.816241736891044
63,2018-08-03,2.8454979076,39.10934828078928
64,2018-08-04,2.718551446,38.439437463772016
65,2018-08-05,2.7441877647000004,37.15079676976257
66,2018-08-06,0.8985330256,37.023814911412536
67,2018-08-07,1.7163869185,41.04541599459076
68,2018-08-08,2.1382952548,43.74393021398393
69,2018-08-09,2.8511540292000004,43.66043938581027
70,2018-08-10,2.3209793888,43.72107647298677
71,2018-08-11,1.8911399473,43.94077614690502
72,2018-08-12,2.2310934225,44.1195595751176
73,2018-08-13,1.9462408269999998,44.14856230643706
74,2018-08-14,1.5100540980000001,44.195550974505856
75,2018-08-15,1.4143760301,44.159757153605874
76,2018-08-16,1.4604436391,44.171829655196866
77,2018-08-17,1.7027316536000001,43.46761910868225
78,2018-08-18,1.3319065797,42.84897920847981
79,2018-08-19,1.7079908703,43.20719191898388
80,2018-08-20,2.2049972249,43.11923696743803
81,2018-08-21,2.5712922011000003,41.376416509116346
82,2018-08-22,2.1609347538,39.7389669713895
83,2018-08-23,2.5430656217,38.2165879271374
84,2018-08-24,2.7206471933,37.39374576667731
85,2018-08-25,2.7572555743000002,37.11783849478015
86,2018-08-26,2.8523080598000004,36.46813114594182
87,2018-08-27,2.4441431296,36.54155506448888
88,2018-08-28,2.3909216368,38.58862983439878
89,2018-08-29,3.0265231483,41.08434361210136
90,2018-08-30,3.1309735202999995,40.44347715359472
91,2018-08-31,2.5713609297,40.01324517150389
92,2018-09-01,3.0631672626,38.97996050606806
93,2018-09-02,2.5674905373,37.79200053858051
94,2018-09-03,2.9791294972,36.50160610122983
95,2018-09-04,3.1345221426,35.31246041722307
96,2018-09-05,2.4672150237,34.447284096892325
97,2018-09-06,2.9314925471,33.528268815184376
98,2018-09-07,2.5080704097999997,32.76184321781057
99,2018-09-08,2.7093111548000004,32.0448136363329
100,2018-09-09,3.2508533255,31.36987562770771
101,2018-09-10,3.313666778,30.782944176700468
102,2018-09-11,0.6260055943,33.167381676023325
103,2018-09-12,3.4182215586,32.309550775960915
104,2018-09-13,2.349442744,31.71654563329083
105,2018-09-14,3.1300936582,31.22639784514676
106,2018-09-15,3.4493059679000004,34.665654541354165
107,2018-09-16,3.6847667475,33.810041991009285
108,2018-09-17,1.8528042243,33.19868120511416
109,2018-09-18,2.7465606506999998,32.48551075287174
110,2018-09-19,2.3413768592,31.907163447933076
111,2018-09-20,3.0900327263,31.35670057771228
112,2018-09-21,2.5256443473,30.894998049845384
113,2018-09-22,3.0929246176999996,30.43079472159547
114,2018-09-23,2.441740954,31.26641324318763
115,2018-09-24,2.9074108674,39.13652760138793
116,2018-09-25,4.2822611146,38.461404801319496
117,2018-09-26,2.8049104283,41.13083037552204
118,2018-09-27,3.602169139,41.24698717137976
119,2018-09-28,3.3312412688,43.063794266524106
120,2018-09-29,3.1252291697000003,41.81354290911647
121,2018-09-30,2.4339811301,40.945906325994294
122,2018-10-01,3.3877769141000003,41.388859410172564
123,2018-10-02,1.5149185675,40.93043190927306
124,2018-10-03,2.6032262757,40.52627243922801
125,2018-10-04,2.7213853644,41.05865138612928
126,2018-10-05,2.5902179371000003,43.850324922409754
127,2018-10-06,2.9088670188,43.52540988273919
128,2018-10-07,2.2434173237,41.89176649050616
129,2018-10-08,1.874361242,42.304883684376456
130,2018-10-09,3.1766425458999996,43.63329308432881
131,2018-10-10,2.1633766299,42.36018212597042
132,2018-10-11,2.9251655026,40.23216097741883
133,2018-10-12,2.6090294939,38.53505270652342
134,2018-10-13,2.3384896347,37.890271061751015
135,2018-10-14,3.0440537092,40.53133146084682
136,2018-10-15,2.4440703176,39.67609259322584
137,2018-10-16,1.7748357348,42.98404366765898
138,2018-10-17,3.0363384344999997,43.71269792700299
139,2018-10-18,4.4998039614,43.119448475034886
140,2018-10-19,1.8369885088999998,41.8707579155512
141,2018-10-20,2.3222532444,42.18272975451948
142,2018-10-21,2.7265002032,40.557396219156296
143,2018-10-22,2.7167105966000005,38.73807916489506
144,2018-10-23,2.8613745148,37.20830432458522
145,2018-10-24,2.8491940981,35.93138667995248
146,2018-10-25,2.919922562,34.854790859265854
147,2018-10-26,2.6440897836,33.98085941969611
148,2018-10-27,2.4405902107,33.239552602280654
149,2018-10-28,2.464242235,32.591389069039394
150,2018-10-29,2.6826332618,32.00382557233927
151,2018-10-30,2.8508980383999996,31.465085047828484
152,2018-10-31,2.8568599182999996,31.05133833312445
153,2018-11-01,2.5669907091,30.674545211169747
154,2018-11-02,2.2435816714,30.3275763348128
155,2018-11-03,1.6226181185,30.96187626747881
156,2018-11-04,3.2236620023,33.312217071574345
157,2018-11-05,2.1513003448,32.455000776528976
158,2018-11-06,0.7649289777,32.04862305299072
159,2018-11-07,2.4343643794,31.502851090413063
160,2018-11-08,2.2953212988,31.10371956328277
161,2018-11-09,2.6905118074,30.68687858132072
162,2018-11-10,2.4899075257,30.309993188378602
163,2018-11-11,1.3917930618,30.05268165256142
164,2018-11-12,2.5539662818,29.7270852965977
165,2018-11-13,2.9544981724,29.400819086034108
166,2018-11-14,1.1243349232,29.212749913971873
167,2018-11-15,3.2281091453,28.897275661448308
168,2018-11-16,2.0488840534,28.88424485809857
169,2018-11-17,2.1459802574,28.72195788035723
170,2018-11-18,1.9316065194,28.51255405392561
171,2018-11-19,1.9729172806,28.913270094361078
172,2018-11-20,2.2208556668,28.725537004063558
173,2018-11-21,2.8090621029,28.462827264937506
174,2018-11-22,1.7675092628,30.504271228822503
175,2018-11-23,3.5224753118,36.531911005438864
176,2018-11-24,1.4576097178999998,39.566771680742114
177,2018-11-25,1.3424682641999999,36.714738993186344
178,2018-11-26,2.6989025993999998,35.16289401769694
179,2018-11-27,2.6243403659,34.14260471219712
180,2018-11-28,2.6475104409,33.35840159518851
181,2018-11-29,2.3874925937,35.80727969258647
182,2018-11-30,2.1465931952,36.334691306327784
183,2018-12-01,3.1391614520999997,34.91129619187792
184,2018-12-02,3.1534006504,33.943350054061696
185,2018-12-03,3.3216089412,33.159549832123
186,2018-12-04,1.1083774291,32.81008046292479
187,2018-12-05,2.4103890377,32.71638361517093
188,2018-12-06,2.8878524260000002,32.182914810976264
189,2018-12-07,2.4490580984,31.841834253457083
190,2018-12-08,3.3299485729000002,31.37598754850407
191,2018-12-09,3.1365723939,30.935607381558643
192,2018-12-10,3.1682461226,30.52545754263113
193,2018-12-11,3.0874006281,30.138181705518647
194,2018-12-12,3.0965758207,29.77998013175065
195,2018-12-13,3.4656495595999997,29.419756003342126
196,2018-12-14,2.9610955843999998,29.11067248434107
197,2018-12-15,2.7057718927999996,28.835412174246517
198,2018-12-16,2.4050253346,28.582749870744657
199,2018-12-17,3.0080368299,28.314347839776648
200,2018-12-18,3.309990276,28.038702255036203
201,2018-12-19,3.1616226391000004,27.768482893282307
202,2018-12-20,3.0944609046,27.52212268617918
203,2018-12-21,3.2183566054000003,27.268781623824292
204,2018-12-22,3.0252761207999996,27.032892044526463
205,2018-12-23,2.3640720894,26.845969070525733
206,2018-12-24,2.0605979027,28.527752381454405
207,2018-12-25,2.8636843007,28.212239930812537
208,2018-12-26,0.9236344331999999,29.718424885211377
209,2018-12-27,1.7159252266999998,35.69870076528205
210,2018-12-28,2.7176670488999997,35.95684083172204
211,2018-12-29,1.8651305597,37.443377310541464
212,2018-12-30,2.3711867787,36.13181897000877
213,2018-12-31,1.0878502811,34.971221737564925
214,2019-01-01,3.3890012383999997,34.015765898964844
215,2019-01-02,3.5581482352999996,33.25453427244101
216,2019-01-03,3.6153209087000002,32.613884448319546
217,2019-01-04,3.8149121341,32.03915238527028
218,2019-01-05,3.8805637932,31.52406087451837
219,2019-01-06,4.1126081189,31.030237507165516
220,2019-01-07,4.0414034919,30.5829906559218
221,2019-01-08,1.1478123859,30.38152604085207
222,2019-01-09,4.0522975668,29.970085973950354
223,2019-01-10,4.2595905354,29.56597030793129
224,2019-01-11,4.3855115464,29.169286581232
225,2019-01-12,4.5163474789,28.77623683111301
226,2019-01-13,4.3706718368,28.406785304521225
227,2019-01-14,4.508682428999999,28.04393821905683
228,2019-01-15,4.548855870400001,27.70177001893452
229,2019-01-16,4.6560989464,27.363749170394822
230,2019-01-17,4.7945127375,27.03627068342668
231,2019-01-18,4.8717969659,26.718525134587733
232,2019-01-19,4.8569296531,26.401397411871802
233,2019-01-20,4.7885804567,26.095586648514363
234,2019-01-21,4.6394646056,25.79359198486733
235,2019-01-22,4.3050520137,25.52542603411959
236,2019-01-23,4.5800917313,25.248925488819157
237,2019-01-24,4.6516572186000005,24.962688587037487
238,2019-01-25,4.2248927402,24.71154463701261
239,2019-01-26,4.1779730624,24.46149079162971
240,2019-01-27,4.1792548256,24.223540686179447
241,2019-01-28,4.336187559,23.983028695575534
242,2019-01-29,4.1546613002,23.75522626253732
243,2019-01-30,3.6311571361,23.565860404601253
244,2019-01-31,3.9844442754,23.342714225201586
245,2019-02-01,4.0291206479,23.14424177782908
246,2019-02-02,4.4148352235,22.94831648394505
247,2019-02-03,4.4723457448,22.817727844679872
248,2019-02-04,4.5000002883,22.71780102099245
249,2019-02-05,3.7059270881,22.652593384484916
250,2019-02-06,3.3211711345999997,22.746819699961964
251,2019-02-07,3.7567025689999998,22.752653468210283
252,2019-02-08,4.0135079068,22.631536495843648
253,2019-02-09,3.6154280393000002,22.827883104829716
254,2019-02-10,3.5028017795,22.757721676389746
255,2019-02-11,3.6898304618,22.680459224580435
256,2019-02-12,3.6975375373,22.600001065404573
257,2019-02-13,3.8022685087,22.52931945615105
258,2019-02-14,3.6838061475,22.47615412143277
259,2019-02-15,3.6089062058,22.425543771994036
260,2019-02-16,3.4961072114999996,22.370067664117
261,2019-02-17,3.2215141688999998,22.321067044039644
262,2019-02-18,3.2498352257,22.2755827373719
263,2019-02-19,3.0913742386000003,22.241961911518445
264,2019-02-20,2.9353556315,22.20606036592061
265,2019-02-21,2.8054503859,22.181582474920244
266,2019-02-22,1.2724726017,22.15854240976021
267,2019-02-23,1.3598020041999999,22.142645943448333
268,2019-02-24,2.660217835,22.11700952400579
269,2019-02-25,2.5221403572,22.101024398259817
270,2019-02-26,2.3033873687,22.070345515479477
271,2019-02-27,2.0326751153,22.05486613586781
272,2019-02-28,1.9536347840000001,22.030757201585974
273,2019-03-01,0.5700365852,22.020532820993143
274,2019-03-02,0.6443793168,23.5406211288796
275,2019-03-03,1.3130872436,23.38428002645606
276,2019-03-04,2.0511813669,23.07155494848972
277,2019-03-05,0.7934988117,22.951106231366428
278,2019-03-06,1.7339843242,22.75955877151193
279,2019-03-07,1.5437232719999998,22.60395318539707
280,2019-03-08,1.3491938262,22.456040511686762
281,2019-03-09,1.1980243903,22.32902967416303
282,2019-03-10,0.8566385376000001,22.352370411071693
283,2019-03-11,1.1184917791,22.242797510952773
284,2019-03-12,0.7772668764,22.189601674671845
285,2019-03-13,0.6409677028999999,22.154087685591477
286,2019-03-14,0.5361965301,22.12702700384355
287,2019-03-15,0.1224910366,22.112528617599782
288,2019-03-16,0.1107371668,22.095534898080484
289,2019-03-17,0.42293693649999997,22.078344380261946
290,2019-03-18,0.3646785619,22.05765455180188
291,2019-03-19,0.2978351375,22.05765455180188
292,2019-03-20,0.23026377879999999,24.535462444868962
293,2019-03-21,0.671517913,24.410350122389673
294,2019-03-22,0.8929201493000001,23.944614019431445
295,2019-03-23,0.7288779483,23.56791145679318
296,2019-03-24,0.6586487456,23.229511668405213
297,2019-03-25,0.7636883953,22.880537391949733
298,2019-03-26,0.5555017256,22.65685234656531
299,2019-03-27,0.0758432989,20.92493488829797
300,2019-03-28,0.07406235480000001,20.917333385499973
301,2019-03-29,0.0675973674,20.90668544818688
302,2019-03-30,0.0637297998,20.89704776641528
303,2019-03-31,0.09636588689999999,20.88818672847565
304,2019-04-01,0.0628755624,20.880927869401642
305,2019-04-02,0.0411972723,20.949061918633703
306,2019-04-03,0.6691703715,21.513034214575686
307,2019-04-04,0.24038381949999998,21.42281505108621
308,2019-04-05,0.1482031141,21.379679932278442
309,2019-04-06,0.21555133010000002,21.298377785516404
310,2019-04-07,0.08608934289999999,21.262705055279152
311,2019-04-08,0.3150899109,21.740859209844846
312,2019-04-09,1.9180645321,22.588322139436
313,2019-04-10,0.6463271784000001,23.39355265184496
314,2019-04-11,1.6093438106,24.20914041616009
315,2019-04-12,0.5924761032,23.821936221230263
316,2019-04-13,0.45188683490000003,23.520707512311407
317,2019-04-14,0.4144279739,23.283837210194033
318,2019-04-15,0.3991018541,23.12329264331945
319,2019-04-16,0.44652895130000003,22.90839278947619
320,2019-04-17,0.2925377444,31.325017114021982
321,2019-04-18,13.770595757,37.5616910345147
322,2019-04-19,2.6258492032,34.484636609364664
323,2019-04-20,1.6224366680000002,33.20139744606898
324,2019-04-21,1.5533976305000001,32.94196558989309
325,2019-04-22,1.74649671,34.038381572251595
326,2019-04-23,3.9841904563,38.63034589617428
327,2019-04-24,2.6964199557999997,35.3185575273763
328,2019-04-25,2.1517640883,33.868430466034845
329,2019-04-26,2.3802419237,32.808320972776364
330,2019-04-27,1.8662930975,34.76597555304667
331,2019-04-28,2.7423149352,33.69629568595328
332,2019-04-29,1.4041263283,34.749687999154375
333,2019-04-30,2.3268956325,33.710290955525124
334,2019-05-01,1.6288631028,33.224679235624464
335,2019-05-02,2.4554599005,32.401401209308055
336,2019-05-03,2.2937225544,31.67029187977261
337,2019-05-04,2.3198539725,31.002152584262262
338,2019-05-05,2.2825514438999996,30.392418666504774
339,2019-05-06,1.9293284950999998,30.675046219176465
340,2019-05-07,1.9622804733,32.300221670337145
341,2019-05-08,2.3445592611,32.08903426814553
342,2019-05-09,2.2979585925999997,31.339861243550025
343,2019-05-10,2.2349969375,30.634779153229232
344,2019-05-11,1.5834766306999999,31.046691679387656
345,2019-05-12,2.1895549507,30.69310624348496
346,2019-05-13,1.556898886,30.369701073067517
347,2019-05-14,0.641678661,30.076812668311803
348,2019-05-15,1.3101053381,29.77509040412362
349,2019-05-16,2.892505847,32.168716060608396
350,2019-05-17,2.4204651678,31.905112737731017
351,2019-05-18,1.8037063837,33.703204275808915
352,2019-05-19,4.5604036733,33.342228028808954
353,2019-05-20,1.8463114095,32.46274029492121
354,2019-05-21,1.6991494425,33.114462121461294
355,2019-05-22,2.9522333264999996,32.88592298834945
356,2019-05-23,1.8486193068,33.503240263905155
357,2019-05-24,4.7904262132,37.98832295358861
358,2019-05-25,6.3933607663,40.662647645637115
359,2019-05-26,4.4655880379,37.623193933288654
360,2019-05-27,2.5708977456,35.765168652058016
361,2019-05-28,2.1037755855,37.85965668850453
362,2019-05-29,3.0274625594,36.00162936686819
363,2019-05-30,2.2893931622,36.580065825023716
364,2019-05-31,2.1971343333,35.366387875735164
365,2019-06-01,2.3650953488999997,34.91346287291787
366,2019-06-02,3.1701801923,34.36828323551837
367,2019-06-03,1.9735498898,33.68646932939919
368,2019-06-04,3.4447762637,37.38438323086543
369,2019-06-05,5.5556732536,36.508820447663815
370,2019-06-06,2.938509163,36.909734078689524
371,2019-06-07,3.9560447093,36.76918921103344
372,2019-06-08,3.0337523041,35.60906202389071
373,2019-06-09,2.9360431035000003,35.448685251099626
374,2019-06-10,3.4436112329000004,36.53719134582253
375,2019-06-11,1.3847243884,38.851186369447845
376,2019-06-12,2.6076866241,40.30223740332553
377,2019-06-13,2.2947160909,42.17485503357209
378,2019-06-14,4.99357246,40.35049551171872
379,2019-06-15,3.6078335020999996,37.17423677690742
380,2019-06-16,3.5591692485000004,35.58892983749212
381,2019-06-17,2.8933060188,35.10674335656886
382,2019-06-18,4.6228763382,38.897573046287775
383,2019-06-19,5.0854385494,39.40006484898559
384,2019-06-20,2.1002208375,37.5819286662979
385,2019-06-21,1.7788305591999998,39.10645438191533
386,2019-06-22,1.9894526564,39.802232987101455
387,2019-06-23,2.688294575,39.532985544123285
388,2019-06-24,3.6866913986000003,38.10720766882116
389,2019-06-25,3.8867171252999997,38.834553757501176
390,2019-06-26,4.0387086891,37.349886003161785
391,2019-06-27,3.1300007031,35.800523977647586
392,2019-06-28,3.1178491006,34.70168753744612
393,2019-06-29,2.5254109979,36.495320778556
394,2019-06-30,2.8668943452999995,35.42322817222738
395,2019-07-01,3.4813754281000002,35.41590845339893
396,2019-07-02,1.0331214733,34.428558110350735
397,2019-07-03,2.1385170112000003,35.19654464729035
398,2019-07-04,3.2869787248,36.135260996298726
399,2019-07-05,2.7238120155,40.20060677372537
400,2019-07-06,2.9901585081,38.938436504780405
401,2019-07-07,3.4070678697,37.95403434679836
402,2019-07-08,3.9484437868,37.311944824799426
403,2019-07-09,4.0726538449000005,40.33447447573713
404,2019-07-10,3.6727532143,38.80501838222225
405,2019-07-11,3.5953906316000004,36.947055967275226
406,2019-07-12,3.0940869679,36.12770709250758
407,2019-07-13,3.440458178,35.310505940499866
408,2019-07-14,2.0545682804,36.56848032748064
409,2019-07-15,1.8286248680000001,35.49040116637465
410,2019-07-16,1.7976301961,35.14999929948476
411,2019-07-17,2.317814137,37.250038281395256
412,2019-07-18,2.8966830286,37.14292396576828
413,2019-07-19,1.6206451316,42.329686315499686
414,2019-07-20,1.5510881677000001,39.313404249425616
415,2019-07-21,1.2317222436,38.42902996856402
416,2019-07-22,1.2009153841,41.56072292737919
417,2019-07-23,1.8940791433000002,39.10560759112643
418,2019-07-24,2.2706678783000003,39.55303094883876
419,2019-07-25,2.1663107416,37.998792214325405
420,2019-07-26,2.36307825,40.65301049924053
421,2019-07-27,4.0826888034,39.005966221301996
422,2019-07-28,2.4523450053,38.72870697337643
423,2019-07-29,2.8503950323000002,37.41952784721506
424,2019-07-30,2.4266303472999997,39.419490700467314
425,2019-07-31,3.6572786598,37.58917767936998
426,2019-08-01,3.1885294924000003,36.30750554668182
427,2019-08-02,2.3977130221,36.51900639603615
428,2019-08-03,3.3350572975,36.92141782979925
429,2019-08-04,2.8161419412,42.79408554302623
430,2019-08-05,2.3206615317,43.75528921725331
431,2019-08-06,1.5209062405000002,44.031236209648675
432,2019-08-07,1.5172943652000002,43.991783868289424
433,2019-08-08,1.6866646796,44.135352680618794
434,2019-08-09,1.4715402724000002,44.07637472874021
435,2019-08-10,2.7085653051,43.95178080555524
436,2019-08-11,3.4573440642,41.88298048873282
437,2019-08-12,1.8038888284,42.832956168897205
438,2019-08-13,2.216154622,42.45443868422799
439,2019-08-14,1.4158371466,44.040078628485375
440,2019-08-15,2.8024939366000003,42.83262235322979
441,2019-08-16,2.2959339958,43.63166541688828
442,2019-08-17,2.7730607951999997,43.05475808147418
443,2019-08-18,2.3125053156999997,42.923832004985655
444,2019-08-19,2.5023865704,43.771105558624065
445,2019-08-20,3.0102324964,43.699675494614944
446,2019-08-21,2.733267145,43.893145673848046
447,2019-08-22,2.5307208597999997,43.369168058157044
448,2019-08-23,2.6993675141000004,43.564111040584535
449,2019-08-24,2.1567949257,43.27407172102159
450,2019-08-25,3.4334046513,41.42487246920938
451,2019-08-26,2.0871333635,41.42487246920938
452,2019-08-27,1.7714609178999998,41.42487246920938
453,2019-08-29,3.5630770139999997,43.04949192433035
454,2019-08-30,3.1191117192,41.7077253878136
455,2019-08-31,2.4272535131,42.81149920125429
456,2019-09-01,2.403818985,43.38332339291751
457,2019-09-02,2.3851504488999997,43.19414002995782
458,2019-09-03,1.7026244325,43.85208925929872
459,2019-09-04,1.9457855472999999,44.175023108116456
460,2019-09-05,1.9650683619999998,44.111526411002416
461,2019-09-06,2.3226721285,43.54087665953955
462,2019-09-07,2.3053996653,43.39913932855877
463,2019-09-08,2.3123486051,43.32656246821785
464,2019-09-09,2.8021096341000002,41.688820085603936
465,2019-09-10,2.4652889278,40.592186307114
466,2019-09-11,1.6269675469999998,40.430624601263645
467,2019-09-12,2.0097416515,44.05925780114579
468,2019-09-13,3.5884413279,44.09157069220867
469,2019-09-14,3.608749448,44.042690147502995
470,2019-09-15,3.9965610512,43.78786124673765
471,2019-09-16,2.8743541189,43.08883439106993
472,2019-09-17,2.1886988215,42.915771975230996
473,2019-09-18,2.1805130164,41.73139835132414
474,2019-09-19,2.4605163742,40.051690343079024
475,2019-09-20,3.3956199254,38.527230861694825
476,2019-09-21,3.4052285018,37.00571914197647
477,2019-09-22,2.8422105186,36.72051008901965
478,2019-09-23,3.2897259212,38.42656234471842
479,2019-09-24,4.0972403695,39.19710811210716
480,2019-09-25,2.6111537949,41.3710760715344
481,2019-09-26,2.0512367306,43.244847929003754
482,2019-09-27,4.059161294,41.40317481953733
483,2019-09-28,3.3420084310000004,39.76639132990851
484,2019-09-29,3.4964502541000004,38.10086856428369
485,2019-09-30,2.6098197735,38.4100384077994
486,2019-10-01,3.2153019645999996,39.04350988606832
487,2019-10-02,3.7903810947000003,40.822859498279904
488,2019-10-03,3.0279498081,39.40448328836578
489,2019-10-04,2.9389138201,37.96491028805737
490,2019-10-05,3.3713126237,38.22566599221707
491,2019-10-06,3.3534962724,37.13067602811696
492,2019-10-07,2.3823487277,36.67293137167953
493,2019-10-08,2.5014794444999997,36.49716341168503
494,2019-10-09,2.5477274274,35.801680980403006
495,2019-10-10,2.3993871477,35.10169182450545
496,2019-10-11,3.1504293132999996,34.95474543903832
497,2019-10-12,2.8329042032,35.97584095281831
498,2019-10-13,3.0609315296,35.87651488903477
499,2019-10-14,3.4052749671,35.006101479204844
500,2019-10-15,2.1252370334,39.80604910523806
501,2019-10-16,2.2454631881,41.869808488806136
502,2019-10-17,2.1070651933,43.48850742847925
503,2019-10-18,2.3337564384,44.06987718969654
504,2019-10-19,3.5297372035000003,43.60059947139415
505,2019-10-20,1.9378344930000002,43.65747614628917
506,2019-10-21,2.1505245205000003,43.96054835496739
507,2019-10-22,3.0561473184,44.109285696350824
508,2019-10-23,2.6023862607,44.04702234052321
509,2019-10-24,2.8441011258,43.50771649101343
510,2019-10-25,1.7373464684,43.47761308957657
511,2019-10-26,2.2445347601,42.544902045250055
512,2019-10-27,2.4130344696,41.20945401004576
513,2019-10-28,2.8950323117,39.49318141163411
514,2019-10-29,2.6072742541,40.0071210302779
515,2019-10-30,2.3089065456999998,39.25908395528543
516,2019-10-31,1.2359886907,41.08131248206287
517,2019-11-01,3.6931753722000003,39.13419828682977
518,2019-11-02,3.2978034380000003,37.667451517510564
519,2019-11-03,2.7362104902999995,36.80715266162239
520,2019-11-04,2.9801415732999996,36.01207094923826
521,2019-11-05,2.642436965,36.01207094923826
522,2019-11-06,2.3351085058,36.01207094923826
523,2019-11-07,2.7453440337,36.01207094923826
524,2019-11-08,2.4546014405000003,36.01207094923826
525,2019-11-09,3.061336153,36.01207094923826
526,2019-11-10,1.8834900086000002,36.01207094923826
527,2019-11-11,2.9005911760000003,36.01207094923826
528,2019-11-12,2.990818397,36.529333054973314
529,2019-11-13,2.7502801988,35.509061990513786
530,2019-11-14,3.2861014333,34.56819464661705
531,2019-11-16,2.9636754864999997,38.1063783896919
532,2019-11-18,2.7417181443,35.667460000029024
533,2019-11-19,3.0329519933999998,34.710026021827275
534,2019-11-20,1.5668678580000002,36.951293045936154
535,2019-11-21,2.7211563352,35.85732092124704
536,2019-11-22,2.2010276053999998,34.97352080674231
537,2019-11-23,2.9799523235,34.13243152305839
538,2019-11-24,3.1979755359,33.366206934891466
539,2019-11-25,2.531797397,34.863166189360506
540,2019-11-26,3.5739454517,33.87121298420227
541,2019-11-27,3.001926858,33.108990167908786
542,2019-11-28,1.3179745913,32.64852393247277
543,2019-11-29,1.2037940678,33.99170126793058
544,2019-11-30,1.0036639098,33.772106214049465
545,2019-12-01,2.0393561952,38.1291094663394
546,2019-12-02,2.1502850588999998,38.839395637914976
547,2019-12-03,2.7742020224,37.64326464460205
548,2019-12-04,3.0364631549000003,37.64326464460205
549,2019-12-05,3.0160154201,37.64326464460205
550,2019-12-06,3.0051718213,37.64326464460205
551,2019-12-07,3.4259280618,37.64326464460205
552,2019-12-08,2.5829999326,37.64326464460205
553,2019-12-09,3.4255602263,33.718003731463924
554,2019-12-10,2.6839893424000003,33.14732848994762
555,2019-12-11,2.952628132,32.81850924561514
556,2019-12-12,1.9688736334,32.38861332185584
557,2019-12-13,3.4929668188,31.821708818507236
558,2019-12-14,1.9807843116,33.860122021812714
559,2019-12-15,3.9457181301,35.16441471846259
560,2019-12-16,3.6806991616,34.012953872069346
561,2019-12-17,3.1421176214999997,33.23142858368873
562,2019-12-18,1.9792057954,32.709063562453444
563,2019-12-19,3.3200572120999996,32.134096178538755
564,2019-12-20,3.2432003131,31.654202384272374
565,2019-12-21,3.6161156639999996,31.178458557037477
566,2019-12-22,3.5608978138,30.74089543314659
567,2019-12-23,2.8853187579000004,29.955212326144682
568,2019-12-24,3.2575682643,29.61371498116928
569,2019-12-25,2.368855971,32.77335863076437
570,2019-12-26,3.8549805639,34.762106431916806
571,2019-12-27,3.1152306977999995,33.41166519235916
572,2019-12-28,2.43117662,33.19952319024292
573,2019-12-29,2.9517830794,32.516664288202605
574,2019-12-30,2.8804168888,31.9561985286113
575,2020-01-01,2.9356799027,30.97689712513701
576,2020-01-02,2.7616179196,30.55908207988268
577,2020-01-03,2.7219521725,30.555543367921988
578,2020-01-04,1.5433708503,30.29394133617557
579,2020-01-05,3.3176595216000004,29.88965146200593
580,2020-01-06,2.7875022126999998,29.53830885361625
581,2020-01-07,2.0670801257,23.99641570523416
582,2020-01-08,1.9995265419,23.855968020652643
583,2020-01-09,1.9837105276,23.72125335435576
584,2020-01-10,1.9256169088,23.595964724684986
585,2020-01-11,1.8934492431999999,23.476759985055462
586,2020-01-12,1.8414145793,23.361786540469943
587,2020-01-13,1.8493869562,23.258289497195296
588,2020-01-14,1.8091735393000001,23.156999288069034
589,2020-01-15,1.7843858708000002,23.06912284471152
590,2020-01-16,1.7539508428,22.981586586162035
591,2020-01-17,1.7318018811000002,22.892133508945637
592,2020-01-18,1.7478601067,22.81741566315704
593,2020-01-19,1.6641547230000002,22.74079900249624
594,2020-01-20,1.6630080140999999,22.694679039538077
595,2020-01-21,1.6801925712999999,22.620738479218076
596,2020-01-22,1.6634521105000002,22.55719316046069
597,2020-01-23,1.6229605821000002,22.50420350750465
598,2020-01-24,1.5954456446,22.446809063480824
599,2020-01-25,1.5702360063,22.388008214437228
600,2020-01-26,1.5395910181,22.34092219637401
601,2020-01-27,1.5002950696000001,22.28723842141833
602,2020-01-28,1.4791866653,22.243227715471463
603,2020-01-29,1.4705728396000002,22.226435461056102
604,2020-01-30,1.4471531733,22.18679131327992
605,2020-01-31,1.4315071841999998,22.13918962534388
606,2020-02-01,1.1163859465000001,22.103453232355218
607,2020-02-02,1.1271776909,22.07078545476544
608,2020-02-03,1.0680676665,22.112427778347158
609,2020-02-04,1.0972445949,22.040106991407324
610,2020-02-05,1.0720965040000001,21.950646495932254
611,2020-02-06,0.9999021782999999,21.945292139912528
612,2020-02-07,0.8134927781999999,21.927969441623787
613,2020-02-08,0.5862005926,21.91084915709895
614,2020-02-09,1.0033346054999999,21.83604086879666
615,2020-02-10,0.9883515626999999,21.816417656211232
616,2020-02-11,0.9626265098000001,21.790962639233083
617,2020-02-12,0.9345805431,21.766961514997853
618,2020-02-13,0.9054925582,21.7423336308212
619,2020-02-14,0.8972806773,21.729495691461423
620,2020-02-15,0.8635313633,21.735789406524468
621,2020-02-16,0.8483312729000001,21.683571204163336
622,2020-02-17,0.8300767498999999,21.66803177757282
623,2020-02-18,0.8102008867,21.654776578308347
624,2020-02-19,0.8071380628,21.642573759471208
625,2020-02-20,0.7894977905,21.627474448361262
626,2020-02-21,0.7728151039,21.613167950265456
627,2020-02-22,0.73352468,21.67268821585031
628,2020-02-23,0.8557834459,21.702313798155814
629,2020-02-24,0.656330804,22.02677612544893
630,2020-02-25,1.0627144831,21.998067588711606
631,2020-02-26,0.6791935911,21.955276487065667
632,2020-02-27,0.6413859275,21.93125763075081
633,2020-02-28,0.6043351251,21.90265856848508
634,2020-02-29,0.33626153630000005,21.88904838483585
635,2020-03-01,0.2598361252,21.874748647935597
636,2020-03-02,0.273767137,23.837975598604334
637,2020-03-03,0.5160217414,21.84216500878173
638,2020-03-04,0.5449336508,21.816547261531625
639,2020-03-05,0.5006235687,21.790929872196056
640,2020-03-06,0.49327599130000005,21.776640149114904
641,2020-03-07,0.4840370087,21.75295494454686
642,2020-03-08,0.4608837403,21.7365064442176
643,2020-03-09,0.44465936289999997,21.71604508503817
644,2020-03-10,0.2625827687,21.70623682063064
645,2020-03-11,0.28870584050000003,21.69351802534381
646,2020-03-12,0.2192252567,21.680456354886516
647,2020-03-13,0.23437779579999998,21.671341614979593
648,2020-03-14,0.204231279,21.65962437938239
649,2020-03-15,0.4102509336,21.646721226126658
650,2020-03-16,0.3925188736,21.62585398544972
651,2020-03-17,0.37217502539999997,21.61136041604961
652,2020-03-18,0.38181976009999996,21.602482030517244
653,2020-03-19,0.3603209515,21.588956851231064
654,2020-03-20,0.4094835558,21.62382795906884
655,2020-03-21,0.4075262664,21.609538544102673
656,2020-03-22,0.3449445069,21.593816107277583
657,2020-03-23,0.32484525010000004,21.57478839198733
658,2020-03-24,0.3063620128,22.181579476634283
659,2020-03-25,0.418367957,22.17453106491983
660,2020-03-26,0.4083605157,22.129483032876887
661,2020-03-27,0.3198898858,22.09336922493928
662,2020-03-28,0.3219641428,22.05531363523236
663,2020-03-29,0.2987622149,22.02172420732828
664,2020-03-30,0.27347423670000004,22.132860693226828
665,2020-03-31,0.4085617532,22.099174981141925
666,2020-04-01,0.2869416461,22.06089950260185
667,2020-04-02,0.28170792100000003,22.03143523099133
668,2020-04-03,0.31540434,21.996305091924825
669,2020-04-04,0.2476659547,22.533496229156533
670,2020-04-05,9.4445623838,30.24258565148999
671,2020-04-06,10.9676730325,32.83664441502438
672,2020-04-07,5.769281413300001,33.37281601573169
673,2020-04-08,2.6135220887,34.048035492306056
674,2020-04-09,1.9170133243,32.715493034697516
675,2020-04-10,1.3995482411000002,32.56546454387961
676,2020-04-11,1.6935588413,31.82693367346691
677,2020-04-12,1.3934515926,32.773130188053145
678,2020-04-13,0.94467673,31.987316481753577
679,2020-04-14,0.6113230142,31.47164552910388
680,2020-04-15,0.5267877642000001,31.11219050656881
681,2020-04-16,1.7337648724,31.487013027556518
682,2020-04-17,2.030173572,31.60525673114339
683,2020-04-18,0.9131427120000001,31.312757456632472
684,2020-04-19,1.5871386755,30.843032448950186
685,2020-04-20,1.6784703063,30.68965205618309
686,2020-04-21,2.7258113997000004,31.306784177935462
687,2020-04-22,5.206258713,34.86862530987631
688,2020-04-23,7.659472395599999,41.81937955148239
689,2020-04-24,4.7584838527999995,37.5858181785525
690,2020-04-25,2.8743230259,37.98566359020472
691,2020-04-26,6.8024747217999995,43.560205280906324
692,2020-04-27,4.2292739492,37.76514570650024
693,2020-04-28,4.110982562699999,36.17380602903365
694,2020-04-29,5.804463907100001,36.057531157951594
695,2020-04-30,3.8517797877999995,35.563165714800746
696,2020-05-01,4.3026940424,37.984919422150156
697,2020-05-02,6.360340326599999,42.038989842636425
698,2020-05-03,6.8507507358,41.364087235188386
699,2020-05-04,4.3789046655,37.3333944571841
700,2020-05-05,1.6237138921,42.26333782925477
701,2020-05-06,2.9679628683,40.41374013723669
702,2020-05-07,2.7489726569,40.930135777089724
703,2020-05-08,2.9062664506,38.999355330420464
704,2020-05-09,5.6899788953999995,37.454573448764684
705,2020-05-10,4.9218223649,37.65052093047928
706,2020-05-11,5.6829729268,39.22640510812289
707,2020-05-12,5.3358160214999995,38.427855342346895
708,2020-05-13,4.7594712882,39.450087722297305
709,2020-05-14,4.9058484561,39.3771575869364
710,2020-05-15,6.364720495,40.038302303501396
711,2020-05-16,3.9837837193,37.65453776244957
712,2020-05-17,3.0432321266000004,39.916709789813424
713,2020-05-18,3.6442920493,39.916709789813424
714,2020-05-19,2.6277518897,39.916709789813424
715,2020-05-20,3.3135961989,37.4235744318774
716,2020-05-21,3.1102890294,36.55666334596785
717,2020-05-22,4.1379229761000005,37.15106260137153
718,2020-05-23,4.7626599434,37.68346432716436
719,2020-05-24,3.7771373352999995,38.65292152313675
720,2020-05-25,5.1925036108,37.81374457516728
721,2020-05-26,4.8565258015,38.89243842857492
722,2020-05-27,3.8306181877,40.22731046842218
723,2020-05-28,5.1638343842,40.099480836164055
724,2020-05-29,3.6909779298000003,42.979303304463606
725,2020-05-30,3.7950531486,41.28461516934882
726,2020-05-31,2.4235746338,39.99065102353922
727,2020-06-01,3.4859330649,41.039716775200645
728,2020-06-02,2.3721834604,40.789178524615025
729,2020-06-03,3.7038585935,40.92805930943676
730,2020-06-04,4.0279973242,40.95328832611509
731,2020-06-05,3.5612739202999997,39.08062251788093
732,2020-06-06,2.918365976,41.61903792253398
733,2020-06-07,3.1629439124000003,40.51069707424674
734,2020-06-08,3.3600366777999997,39.442676172244866
735,2020-06-09,2.6878085575,38.65346984006924
736,2020-06-10,3.0101905149,38.34154476798528
737,2020-06-11,2.6897858470999996,39.74774078474138
738,2020-06-12,3.0699145577999998,38.233600143389786
739,2020-06-13,2.5089452399,37.14604897989946
740,2020-06-14,0.982023997,38.70123504391876
741,2020-06-15,3.3091029884,36.83997635786066
742,2020-06-16,2.1007783937999998,40.51338011765677
743,2020-06-17,3.1293035767000004,43.875522212986816
744,2020-06-18,3.6031608348,42.895495515165415
745,2020-06-19,3.4186836210000004,40.8323872866259
746,2020-06-20,2.9490043077999997,39.77394968149769
747,2020-06-21,3.8264490926,42.339575960554754
748,2020-06-22,2.7249077808999997,40.58928992031633
749,2020-06-23,3.1186303529000003,39.39746250805178
750,2020-06-24,3.4307236688,40.30743756668306
751,2020-06-25,3.7166837872000005,41.033123296964725
752,2020-06-26,2.876621951,39.373416973468146
753,2020-06-27,2.3030197127000003,38.0601974422895
754,2020-06-28,2.1868088449000003,42.15282523425026
755,2020-07-02,1.8917165559,42.261576664326284
756,2020-07-03,2.2358574032,42.17368321378617
757,2020-07-06,2.3158819246,42.46669432341234
758,2020-07-19,2.1532316237,43.937801626217464
759,2020-07-20,2.8282995597000005,42.25399146993855
760,2020-07-21,3.2040206275,39.94028851195538
761,2020-07-22,3.31192444,39.04648309575408
762,2020-07-23,3.159310819,43.93062360959303
763,2020-07-24,3.3704167406,43.45158257425572
764,2020-07-25,2.9688485744,43.071729013503116
765,2020-07-26,3.9121389822,40.63909076993405
766,2020-07-27,2.6958117638,39.375500919568076
767,2020-07-28,4.2642655275,40.23725683066698
768,2020-07-29,2.5417401316999997,41.955263198225786
769,2020-07-30,3.34320879,41.42000462296601
770,2020-07-31,2.1513947783000003,41.598203739247275
771,2020-08-01,2.1429583249,41.141580502682295
772,2020-08-02,2.1916248836000003,43.551106127434814
773,2020-08-03,1.9238838355,43.991398310322545
774,2020-08-04,1.6055730541,44.030370763050506
775,2020-08-05,1.4153036338999998,44.082196337674475
776,2020-08-06,1.8036459465,44.14852457870445
777,2020-08-07,1.7619763213,44.17455605193638
778,2020-08-08,2.1885578206,44.14397111639958
779,2020-08-09,1.8036580761,44.171276561054746
780,2020-08-10,2.9037772471,44.12611145070736
781,2020-08-11,3.2346976842000004,43.37168802421535
782,2020-08-12,2.0990357738,42.93301627668846
783,2020-08-13,2.7712771652,41.18590679667515
784,2020-08-14,2.7064829861,41.89287912509188
785,2020-08-15,3.2729906353,43.111514225481436
786,2020-08-16,3.0573355389,44.0263226447699
787,2020-08-17,2.8737273099,42.25206626844178
788,2020-08-18,2.312161829,40.556424046287276
789,2020-08-19,3.4516771189999997,39.457955780516535
790,2020-08-20,3.3580836211,38.76335478085219
791,2020-08-21,4.1762723714,38.38556343494459
792,2020-08-22,3.5706673832,37.013814562666155
793,2020-08-23,3.1960361124000003,38.240382382934776
794,2020-08-24,3.9779499086000003,37.52008130780721
795,2020-08-25,4.2336008756,36.113149495085565
796,2020-08-26,4.0841794579,35.97620602364997
797,2020-08-27,4.3955221746,35.02039718728407
798,2020-08-28,4.1447535578,34.090438355681115
799,2020-08-29,1.4682194053,33.628905114887054
800,2020-08-30,4.6209740804,33.87359517223054
801,2020-08-31,4.6928579997,39.47971608490445
802,2020-09-01,4.9056059643,41.488636199459684
803,2020-09-02,3.3293536097000005,43.47254679630276
804,2020-09-03,3.6146289395999998,43.51981617075777
805,2020-09-04,4.5321021107,43.565172480101396
806,2020-09-05,3.87196506,42.005715038592655
807,2020-09-06,2.4153280025,42.493354010763674
808,2020-09-07,2.8005460452999995,41.79253037558137
809,2020-09-08,3.6296260086000003,41.88309999860354
810,2020-09-09,3.7494601725,43.808330260168105
811,2020-09-10,2.7664417161,42.46134459977998
812,2020-09-11,1.5183857047999998,42.39656806618088
813,2020-09-12,2.1555125826,43.68853746064622
814,2020-09-13,2.2852926286,43.56991345986787
815,2020-09-14,3.4226671271,41.552756911609656
816,2020-09-15,2.4331317908,40.52972602290242
817,2020-09-16,3.4960707976,39.420725035594614
818,2020-09-17,3.1377713648000003,40.9178279986825
819,2020-09-18,2.6719192688,40.587485802793005
820,2020-09-19,1.5608992299000002,43.646193073301376
821,2020-09-20,1.8048785191999999,43.345918584130686
822,2020-09-21,1.3052754523,43.22036909905675
823,2020-09-22,2.0193897988,42.00163887156985
824,2020-09-23,3.1331419134,39.810368763585466
825,2020-09-24,3.6379271755,37.77547701824909
826,2020-09-25,1.6165392711000002,39.75379276834101
827,2020-09-26,1.6803140984,43.41512336363838
828,2020-09-27,2.1918692915999998,43.4000059431242
829,2020-09-28,2.3352430559,43.12219186854037
830,2020-09-29,2.4311716162,43.41242744352068
831,2020-09-30,1.5031087509999999,42.89655309427744
832,2020-10-01,4.2209949213,36.09939535444352
833,2020-10-02,4.3975473609,34.92826605745845
834,2020-10-03,4.0675103278,35.15992114436891
835,2020-10-04,3.9772280956,34.08394225560661
836,2020-10-05,3.9307457416000005,33.44794346130794
837,2020-10-06,4.2021812149,33.134493999300574
838,2020-10-07,4.2788430117,34.77782981284387
839,2020-10-08,4.9369766274,34.410289862644426
840,2020-10-09,4.1819598572,36.0269810385912
841,2020-10-10,5.315507048500001,37.29790909808011
842,2020-10-11,4.813563669,38.801844604253596
843,2020-10-12,4.241741235,38.860883877804056
844,2020-10-13,4.3263923306,39.80031296044071
845,2020-10-14,3.5057881833999995,39.51424798009653
846,2020-10-15,4.7218978148,40.396276123967894
847,2020-10-16,5.0605594563,39.69632704347364
848,2020-10-17,4.5643504094,37.79138774043663
849,2020-10-18,4.2295431125,36.832579368728474
850,2020-10-19,4.8265744652,38.64029687413922
851,2020-10-20,4.1242798079,37.1585775437279
852,2020-10-21,3.6458434229,36.79060273275365
853,2020-10-22,5.3179124734,38.30600136434824
854,2020-10-23,3.4150349613,37.668201401889746
855,2020-10-24,4.6771640729,37.115396392009494
856,2020-10-25,4.3430058891000005,35.70366282748796
857,2020-10-26,3.6533893904,34.68650281891378
858,2020-10-27,4.2565837939,33.77141720877039
859,2020-10-28,3.9796547145,33.12229859492467
860,2020-10-29,4.1307260854,32.409191054369394
861,2020-10-30,4.1532794736000005,31.80743397933853
862,2020-10-31,4.0746323117,31.266166941569036
863,2020-11-01,3.6338624574000002,30.775934242478836
864,2020-11-02,3.4302262054000003,30.90712923767621
865,2020-11-03,4.8282737945,33.064944181119444
866,2020-11-04,3.9196484631999997,32.54167734549076
867,2020-11-05,3.3817048179,31.99271642714318
868,2020-11-06,3.9251583930000002,35.59666346635817
869,2020-11-07,3.7743315479,34.136525978492976
870,2020-11-08,3.9203253567000003,33.239635139607266
871,2020-11-09,3.4260819238,32.549216783860345
872,2020-11-10,3.1642213648000004,31.975681704909725
873,2020-11-11,3.4615110257,31.42038126072114
874,2020-11-12,3.2117354110000003,30.9106498121366
875,2020-11-13,2.7486377332,30.46717494299048
876,2020-11-14,2.2228348422999997,31.817873456298976
877,2020-11-15,2.6875815564,31.324106236963743
878,2020-11-16,2.1298010513,30.97479964732058
879,2020-11-17,2.7794524560000005,31.416847246411148
880,2020-11-18,2.3884684953,30.878469884263115
881,2020-11-19,1.8065280269,30.438680736692643
882,2020-11-20,1.9490462373,30.018852521048714
883,2020-11-21,2.0796375781,29.603144163483034
884,2020-11-22,1.8819054953999999,29.241856837932506
885,2020-11-23,1.9348844315,28.892499856687184
886,2020-11-24,1.7709720019,28.565255955171533
887,2020-11-25,1.5866642834,28.27043224285395
888,2020-11-26,1.2549704944,28.03097062014608
889,2020-11-27,1.2454046156999998,27.79758969399096
890,2020-11-28,1.399599351,28.213529462385964
891,2020-11-29,1.8416917863,27.982392838081452
892,2020-11-30,1.5580497841999998,27.72597758619755
893,2020-12-01,1.299596873,27.492452418429323
894,2020-12-02,1.4115383443,27.258650216743888
895,2020-12-03,1.2735910513,27.046200344753423
896,2020-12-04,0.9691036664,26.896999170323888
897,2020-12-05,1.4099771942,26.744649127696174
898,2020-12-06,1.0880505464,27.30985132527698
899,2020-12-07,1.460002825,27.096359436209323
900,2020-12-08,1.0334758323,27.33386554484891
901,2020-12-09,3.5278104543,28.53658175956347
902,2020-12-10,1.9534156933000002,28.254914642917143
903,2020-12-11,1.3001316896,28.036804690879634
904,2020-12-12,1.2944380877,27.77073600245825
905,2020-12-13,1.3215779771,27.528653066930598
906,2020-12-14,1.3255338305,27.287758481589808
907,2020-12-15,1.4172940622,27.047488058052373
908,2020-12-16,1.3134686586,26.826455698827466
909,2020-12-17,1.2621605767,26.61245687766511
910,2020-12-18,1.2870668556,26.4109834789606
911,2020-12-19,1.3199237887000002,26.211473181710144
912,2020-12-20,1.3271793753,26.0151957976998
913,2020-12-21,1.3784559682,25.824897050624376
914,2020-12-22,1.4175820205,25.639342978194428
915,2020-12-23,1.3555402803,25.46386239880217
916,2020-12-24,1.1455298879,28.41382395720993
917,2020-12-25,1.7565866274000002,28.007907146755585
918,2020-12-26,1.4231939919,27.652955206457964
919,2020-12-27,1.5165087306,27.33376272227793
920,2020-12-28,1.5421820432,27.035410065182763
921,2020-12-29,1.5046386525,26.769773301544213
922,2020-12-30,1.4750084115,26.5180199193573
923,2020-12-31,1.2439938321,26.30926402668136
924,2021-01-01,2.3749749949,26.054303386016265
925,2021-01-02,2.2454771841,25.81307453305861
926,2021-01-03,2.1298231323,25.580763281085357
927,2021-01-04,2.0471111428,25.3634113035293
928,2021-01-05,2.0002895276,25.15901676793881
929,2021-01-06,1.9471057436,24.956610207260862
930,2021-01-07,0.3701266118,37.30183105135689
931,2021-01-08,1.6448180216,35.77794977481326
932,2021-01-09,1.3041207116,38.72813917109857
933,2021-01-10,2.3039588037,36.04289572362587
934,2021-01-11,1.8587440297,34.80171248587223
935,2021-01-12,1.4159015007,34.00941930586331
936,2021-01-13,0.2163980014,33.47585478261385
937,2021-01-14,0.1385775403,33.121736523833896
938,2021-01-15,2.1563413593000003,33.001839745426665
939,2021-01-16,0.2629499506,32.67021681728982
940,2021-01-17,2.1295853726,32.18315130229976
941,2021-01-18,1.5298097385,31.787930595665554
942,2021-01-19,0.6581493476,31.49568036924464
943,2021-01-20,1.9822470128,31.09335827716794
944,2021-01-21,1.7461572524000002,30.69583130277634
945,2021-01-22,1.8669991938,30.336889629406443
946,2021-01-23,0.8052393433,30.13031301078581
947,2021-01-24,0.7368728364,29.943104265881825
948,2021-01-25,1.6829681633000002,29.629094888198317
949,2021-01-26,1.6804355017,29.327116519620624
950,2021-01-27,1.4589655672,27.366558055562862
951,2021-01-28,1.4070801806,27.109361805059198
952,2021-01-29,1.3777699999000002,26.857402101707354
953,2021-01-30,1.3485639333000001,26.614366705097588
954,2021-01-31,1.3058707826,26.383857512280613
955,2021-02-01,1.1054742862,26.153491239993247
956,2021-02-02,1.0826371758,25.96889247646475
957,2021-02-03,1.0720580115,25.7179994877493
958,2021-02-04,1.0264094069,25.54890269108971
959,2021-02-05,0.9984853439,25.3805498402642
960,2021-02-06,0.9888146829000001,25.2275487896482
961,2021-02-07,0.9840797817,25.074781859453143
962,2021-02-08,0.9673011876000001,24.89056976720663
963,2021-02-09,0.9625947895999999,24.751348499375574
964,2021-02-10,0.9418171308,24.620629292011987
965,2021-02-11,0.8856713454999999,24.4524431175223
966,2021-02-12,0.8596518578,24.338247483317193
967,2021-02-13,0.8294332242,24.22266776265551
968,2021-02-14,0.8292358970999999,24.11571126707133
969,2021-02-15,0.8033300953,23.993610914060497
970,2021-02-16,0.7621218609999999,23.8915987638593
971,2021-02-17,0.7600809840999999,23.93854974509285
972,2021-02-18,0.7062432220999999,23.886573251696035
973,2021-02-19,1.3999297609,23.84413070610528
974,2021-02-20,0.6883928931000001,27.627361390941008
975,2021-02-21,1.445551704,27.39502845369336
976,2021-02-22,0.7822580354,33.468009532876145
977,2021-02-23,3.8799179319999997,32.332816052368024
978,2021-02-24,1.3646863201,31.59399578950788
979,2021-02-25,1.2679780424,31.230932513593288
980,2021-02-26,1.6104893149000001,30.74922829316946
981,2021-02-27,1.3156399762,30.27415402914843
982,2021-02-28,1.2627296145,29.853927825571038
983,2021-03-01,1.9201193619999999,28.208400641367298
984,2021-03-02,1.8718443009,27.92601516172152
985,2021-03-03,1.8625038529,27.675833115357946
986,2021-03-04,1.8680884144,27.416602113903075
987,2021-03-05,1.7843057232,27.17581544088739
988,2021-03-06,1.7300720694,26.95102875962328
989,2021-03-07,1.7268390153,26.74902894652727
990,2021-03-08,1.6769751571,26.51400935724561
991,2021-03-09,1.6547028475999999,26.30714404796782
992,2021-03-10,1.5702387504,26.14038526234941
993,2021-03-11,1.5159404263,27.431519925028528
994,2021-03-12,1.9909823455000002,27.198607418970408
995,2021-03-13,1.6584315934,26.95497297301994
996,2021-03-14,1.6138751084,26.78685113854272
997,2021-03-15,1.5979316634,26.66216623311126
998,2021-03-16,0.7380226248,26.33008266978661
999,2021-03-17,0.7015203911,26.145994726496287
1000,2021-03-18,0.7002787086,25.89046744122147
1001,2021-03-19,0.6791544718000001,25.719345667790797
1002,2021-03-20,0.6504124956,25.56228567287725
1003,2021-03-21,0.5680685968,26.74654259538964
1004,2021-03-22,0.8169341551,26.497986446385823
1005,2021-03-23,0.6237465702,26.417928439944873
1006,2021-03-24,0.9049145845000001,26.208825910798033
1007,2021-03-25,0.8123569271,26.73810600617879
1008,2021-03-26,0.7766018291,26.423112629866647
1009,2021-03-27,0.6272517395,26.166121303190774
1010,2021-03-28,0.6020401722,26.048427790598602
1011,2021-03-29,0.7643601611,25.977267006095012
1012,2021-03-30,1.3197935636,25.879437046176506
1013,2021-03-31,0.6463131452,25.68214056136304
1014,2021-04-01,0.5266245668,25.5052862865135
1015,2021-04-02,0.6327361141,25.328493158375874
1016,2021-04-03,0.5266073441,25.165696302182045
1017,2021-04-04,0.5063347714,25.008743923377317
1018,2021-04-05,0.505744203,24.861948900826306
1019,2021-04-06,0.470158212,24.724939491835734
1020,2021-04-07,0.4439648236,24.65096549784693
1021,2021-04-08,0.7766975671999999,25.09745323609917
1022,2021-04-09,0.5412365747,24.96037961280393
1023,2021-04-10,0.5048059282999999,24.827624569559802
1024,2021-04-11,0.4769524189,25.282552797755415
1025,2021-04-12,1.9960082623,27.906039152791408
1026,2021-04-13,4.6434991430000006,33.78533952712118
1027,2021-04-14,1.5581725965,31.92617888319993
1028,2021-04-15,1.3526616307,38.08357442785172
1029,2021-04-16,4.9221726427,34.97510509356289
1030,2021-04-17,2.2525514281,38.530406158964894
1031,2021-04-18,4.472893952,36.19686672854525
1032,2021-04-19,3.4814765260000002,36.465405096390725
1033,2021-04-20,3.9651919422,35.174075763175566
1034,2021-04-21,2.8370369861,34.437306545889925
1035,2021-04-22,6.9989902661,40.68923842299318
1036,2021-04-23,7.3444108651999995,37.05677023898737
1037,2021-04-24,3.4919607075,36.769806457753674
1038,2021-04-25,5.7489086715,36.03553402220937
1039,2021-04-26,4.0414399093,35.71678338443972
1040,2021-04-27,3.6521925601,34.504491015879275
1041,2021-04-28,3.2430054326,33.68793335891346
1042,2021-04-29,4.118097433,33.258738087050524
1043,2021-04-30,3.2065143924,35.89203884824005
1044,2021-05-01,3.3243384512,34.24963010215436
1045,2021-05-02,2.8580809147000004,38.0178350577629
1046,2021-05-03,5.5765588614,37.158618518879216
1047,2021-05-04,8.1448415843,38.774691344006015
1048,2021-05-05,4.9005514087,36.135415281422226
1049,2021-05-06,3.6522696552999996,36.97082398275671
1050,2021-05-07,4.5916517311,35.224659844030406
1051,2021-05-08,4.1478210452,39.58799917880782
1052,2021-05-09,4.9724237237999995,36.43396871539819
1053,2021-05-10,4.0238554743,36.551248632762416
1054,2021-05-11,5.5135841812,37.619143136566414
1055,2021-05-12,6.0043206661,36.83674621855519
1056,2021-05-13,4.6798496445,36.84144185940208
1057,2021-05-14,4.869203804800001,37.658690394445635
1058,2021-05-15,5.680849539,41.458942449939656
